ISO2, country name, indicator (in situ)
AW,"Aruba",9.090909091
AF,"Afghanistan",41.14713217
AO,"Angola",44.63768116
AI,"Anguilla",65.38461538
AL,"Albania",82.27060653
AD,"Andorra",11.11111111
AE,"United Arab Emirates",12.5
AR,"Argentina",48.45070423
AM,"Armenia",65.03067485
AS,"American Samoa",0
AG,"Antigua and Barbuda",75.37313433
AU,"Australia",48.41121495
AT,"Austria",89.10369069
AZ,"Azerbaijan",64.23220974
BI,"Burundi",37.20930233
BE,"Belgium",91.91685912
BJ,"Benin",34.43396226
BF,"Burkina Faso",22.82608696
BD,"Bangladesh",18.42105263
BG,"Bulgaria",78.12041116
BH,"Bahrain",13.04347826
BS,"Bahamas",59.23076923
BA,"Bosnia and Herzegovina",86.84210526
BY,"Belarus",87.72378517
BZ,"Belize",75.93220339
BM,"Bermuda",30
BO,"Bolivia - Plurinational State of",66.66666667
BR,"Brazil",59.65665236
BB,"Barbados",70.75471698
BN,"Brunei Darussalam",16.12903226
BT,"Bhutan",27.11864407
BW,"Botswana",40.98360656
CF,"Central African Republic",43.07692308
CA,"Canada",35.3271028
CC,"Cocos - Keeling Islands",0
CH,"Switzerland",90.50387597
CL,"Chile",37.59398496
CN,"China",26.31848438
CI,"C“te dIvoire",45.67164179
CM,"Cameroon",43.59605911
CD,"Democratic Republic of the Congo",48.41075795
CG,"Congo",47.76119403
CK,"Cook Islands",5.555555556
CO,"Colombia",72.8515625
KM,"Comoros",22.64150943
CV,"Cabo Verde",23.52941176
CR,"Costa Rica",75.71801567
CU,"Cuba",65.78947368
CX,"Christmas Island",7.142857143
KY,"Cayman Islands",63.93442623
CY,"Cyprus",61.93548387
CZ,"Czechia",87.1657754
DE,"Germany",90.19963702
DJ,"Djibouti",25.64102564
DM,"Dominica",80.88235294
DK,"Denmark",90.90909091
DO,"Dominican Republic",72.97297297
DZ,"Algeria",70.94188377
EC,"Ecuador",70.6013363
EG,"Egypt",46.20253165
ER,"Eritrea",28.68217054
EH,"Western Sahara",0
ES,"Spain",82.93601004
EE,"Estonia",88.23529412
ET,"Ethiopia",39.1184573
FI,"Finland",89.38906752
FJ,"Fiji",18.98734177
FK,"Falkland Islands - Malvinas",11.11111111
FR,"France",86.13231552
FO,"Faroe Islands",70
FM,"Micronesia - Federated States of",13.04347826
GA,"Gabon",55.94059406
GB,"United Kingdom of Great Britain and Northern Ireland",90.78014184
GE,"Georgia",71.28712871
GH,"Ghana",41.97860963
GI,"Gibraltar",11.11111111
GN,"Guinea",44.57364341
GP,"Guadeloupe",74.31693989
GM,"Gambia",36.23188406
GW,"Guinea-Bissau",43.03030303
GQ,"Equatorial Guinea",46.92307692
GR,"Greece",73.73461012
GD,"Grenada",75.78125
GL,"Greenland",71.42857143
GT,"Guatemala",67.04288939
GF,"French Guiana",80.68181818
GU,"Guam",3.333333333
GY,"Guyana",78.27476038
HK,"China Hong Kong Special Administrative Region",10.90909091
HN,"Honduras",72.26666667
HR,"Croatia",84.3551797
HT,"Haiti",70.49180328
HU,"Hungary",87.00564972
ID,"Indonesia",18.89020071
IN,"India",24.31402439
IE,"Ireland",90.67524116
IR,"Iran - Islamic Republic of",50.16611296
IQ,"Iraq",47.10982659
IS,"Iceland",87.5
IL,"Israel",52.51396648
IT,"Italy",81.22743682
JM,"Jamaica",69.48356808
JO,"Jordan",51.23966942
JP,"Japan",36.12403101
KZ,"Kazakhstan",55.36159601
KE,"Kenya",41.28440367
KG,"Kyrgyzstan",51.64179104
KH,"Cambodia",21.35135135
KI,"Kiribati",8.333333333
KN,"Saint Kitts and Nevis",75.94936709
KR,"Republic of Korea",30.35714286
KW,"Kuwait",17.94871795
LA,"Lao Peoples Democratic Republic",20.88888889
LB,"Lebanon",59.84654731
LR,"Liberia",53.52112676
LY,"Libya",57.55395683
LC,"Saint Lucia",72.59259259
LI,"Liechtenstein",30.76923077
LK,"Sri Lanka",22.49488753
LS,"Lesotho",34.61538462
LT,"Lithuania",88.46153846
LU,"Luxembourg",40
LV,"Latvia",89.47368421
MO,"China Macao Special Administrative Region",9.090909091
MA,"Morocco",75.34791252
MD,"Republic of Moldova",81.28342246
MG,"Madagascar",27.31481481
MV,"Maldives",13.33333333
MX,"Mexico",52.21027479
MH,"Marshall Islands",18.18181818
MK,"The former Yugoslav Republic of Macedonia",81.88976378
ML,"Mali",31.48148148
MT,"Malta",54.83870968
MM,"Myanmar",18.50931677
ME,"Montenegro",86.97318008
MN,"Mongolia",47.36842105
MP,"Northern Mariana Islands",14.28571429
MZ,"Mozambique",41.08108108
MR,"Mauritania",18.30985915
MS,"Montserrat",75
MQ,"Martinique",78.1420765
MU,"Mauritius",27.36842105
MW,"Malawi",45.09803922
MY,"Malaysia",18.61702128
NA,"Namibia",47.57709251
NC,"New Caledonia",20
NE,"Niger",25.35211268
NF,"Norfolk Island",0
NG,"Nigeria",41.6481069
NI,"Nicaragua",73.86666667
NU,"Niue",10
NL,"Netherlands",90.95354523
NO,"Norway",89.3557423
NP,"Nepal",30.61889251
NR,"Nauru",0
NZ,"New Zealand",68.42105263
OM,"Oman",22.44897959
PK,"Pakistan",34.60869565
PA,"Panama",76.04456825
PN,"Pitcairn",9.090909091
PE,"Peru",67.14801444
PH,"Philippines",22.96296296
PW,"Palau",18.51851852
PG,"Papua New Guinea",19.71014493
PL,"Poland",88.97795591
PR,"Puerto Rico",69.43231441
KP,"Democratic Peoples Republic of Korea",23.68421053
PT,"Portugal",82.08955224
PY,"Paraguay",48.20143885
PS,"State of Palestine",0
PF,"French Polynesia",6.25
QA,"Qatar",18.18181818
RE,"R‚union",27.11864407
RO,"Romania",81.71701113
RU,"Russian Federation",52.49643367
RW,"Rwanda",41.55844156
SA,"Saudi Arabia",29.375
SD,"Sudan",35.36585366
SN,"Senegal",38.81118881
SG,"Singapore",7.575757576
SH,"Saint Helena",8.333333333
SJ,"Svalbard and Jan Mayen Islands",67.85714286
SB,"Solomon Islands",19.3877551
SL,"Sierra Leone",47.6702509
SV,"El Salvador",71.63636364
SO,"Somalia",28.15533981
PM,"Saint Pierre and Miquelon",44
RS,"Serbia",81.61209068
SS,"South Sudan",35.36585366
ST,"Sao Tome and Principe",43.75
SR,"Suriname",80.07117438
SK,"Slovakia",86.70212766
SI,"Slovenia",87.56097561
SE,"Sweden",90.47619048
SZ,"Swaziland",36.05769231
SC,"Seychelles",21.81818182
SY,"Syrian Arab Republic",55.69007264
TC,"Turks and Caicos Islands",14.28571429
TD,"Chad",25.37313433
TG,"Togo",38.86462882
TH,"Thailand",20.63694268
TJ,"Tajikistan",52.5
TM,"Turkmenistan",47.75086505
TL,"Timor-Leste",12.5
TO,"Tonga",12.5
TT,"Trinidad and Tobago",72.72727273
TN,"Tunisia",72.48677249
TR,"Turkey",61.65865385
TW,"Tuvalu",23.71134021
TZ,"United Republic of Tanzania",45.94059406
UG,"Uganda",45.74209246
UA,"Ukraine",79.47530864
UM,"United States Minor Outlying Islands",0
UY,"Uruguay",42.76315789
US,"United States of America",36.45833333
UZ,"Uzbekistan",45.26748971
VC,"Saint Vincent and the Grenadines",75
VE,"Venezuela - Bolivarian Republic of",78.88888889
VG,"British Virgin Islands",65.2173913
VI,"United States Virgin Islands",65.47619048
VN,"Viet Nam",18.13261164
VU,"Vanuatu",21.66666667
WF,"Wallis and Futuna Islands",0
WS,"Samoa",19.51219512
YE,"Yemen",29.1005291
ZA,"South Africa",41.48148148
ZM,"Zambia",47.41641337
ZW,"Zimbabwe",44.17910448
ZZ,"max",100
