'Afghanistan','AF','AFG',1011,33.93911,67.709953
'Aland Islands','AX','ALA',1012,-0.589724,101.3431058
'Albania','AL','ALB',1013,41.153332,20.168331
'Algeria','DZ','DZA',1014,28.033886,1.659626
'American Samoa','AS','ASM',1015,-14.3060204,-170.6961815
'Andorra','AD','AND',1016,42.506285,1.521801
'Angola','AO','AGO',1017,-11.202692,17.873887
'Anguilla','AI','AIA',1018,18.220554,-63.068615
'Antigua and Barbuda','AG','ATG',1019,17.060816,-61.796428
'Argentina','AR','ARG',1020,-38.416097,-63.616672
'Armenia','AM','ARM',1021,40.069099,45.038189
'Aruba','AW','ABW',1022,12.52111,-69.968338
'Australia','AU','AUS',1023,-25.274398,133.775136
'Austria','AT','AUT',1024,47.516231,14.550072
'Azerbaijan','AZ','AZE',1025,40.143105,47.576927
'Bahamas','BS','BHS',1026,25.03428,-77.39628
'Bahrain','BH','BHR',1027,26.0667,50.5577
'Bangladesh','BD','BGD',1028,23.684994,90.356331
'Barbados','BB','BRB',1029,13.193887,-59.543198
'Belarus','BY','BLR',1030,53.709807,27.953389
'Belgium','BE','BEL',1031,50.503887,4.469936
'Belize','BZ','BLZ',1032,17.189877,-88.49765
'Benin','BJ','BEN',1033,9.30769,2.315834
'Bermuda','BM','BMU',1034,32.3078,-64.7505
'Bhutan','BT','BTN',1035,27.514162,90.433601
'Bolivia','BO','BOL',1036,-16.290154,-63.588653
'Bonaire, Saint Eustatius and Saba','BQ','BES',1037,12.1783611,-68.2385339
'Bosnia and Herzegovina','BA','BIH',1038,43.915886,17.679076
'Botswana','BW','BWA',1039,-22.328474,24.684866
'Bouvet Island','BV','BVT',1040,-54.423199,3.413194
'Brazil','BR','BRA',1041,-14.235004,-51.92528
'British Indian Ocean Territory','IO','IOT',1042,-7.3346232,72.4242508
'British Virgin Islands','VG','VGB',1043,18.420695,-64.639968
'Brunei','BN','BRN',1044,4.535277,114.727669
'Bulgaria','BG','BGR',1045,42.733883,25.48583
'Burkina Faso','BF','BFA',1046,12.238333,-1.561593
'Burundi','BI','BDI',1047,-3.373056,29.918886
'Cambodia','KH','KHM',1048,12.565679,104.990963
'Cameroon','CM','CMR',1049,7.369722,12.354722
'Canada','CA','CAN',1050,56.130366,-106.346771
'Cape Verde','CV','CPV',1051,15.120142,-23.6051721
'Cayman Islands','KY','CYM',1052,19.3133,-81.2546
'Central African Republic','CF','CAF',1053,6.611111,20.939444
'Chad','TD','TCD',1054,15.454166,18.732207
'Chile','CL','CHL',1055,-35.675147,-71.542969
'China','CN','CHN',1056,35.86166,104.195397
'Christmas Island','CX','CXR',1057,-10.447525,105.690449
'Cocos Islands','CC','CCK',1058,-12.1708739,96.8417392
'Colombia','CO','COL',1059,4.570868,-74.297333
'Comoros','KM','COM',1060,-11.6455,43.3333
'Cook Islands','CK','COK',1061,-21.236736,-159.777671
'Costa Rica','CR','CRI',1062,9.748917,-83.753428
'Ivory Coast','CI','CIV',1063,7.539989,-5.54708
'Croatia','HR','HRV',1064,45.1,15.2
'Cuba','CU','CUB',1065,21.521757,-77.781167
'Curacao','CW','CUW',1066,12.16957,-68.99002
'Cyprus','CY','CYP',1067,35.126413,33.429859
'Czech Republic','CZ','CZE',1068,49.817492,15.472962
'Democratic Republic of the Congo','CD','COD',1069,-4.038333,21.758664
'Denmark','DK','DNK',1070,56.26392,9.501785
'Djibouti','DJ','DJI',1071,11.825138,42.590275
'Dominica','DM','DMA',1072,15.414999,-61.370976
'Dominican Republic','DO','DOM',1073,18.735693,-70.162651
'East Timor','TL','TLS',1074,-8.874217,125.727539
'Ecuador','EC','ECU',1075,-1.831239,-78.183406
'Egypt','EG','EGY',1076,26.820553,30.802498
'El Salvador','SV','SLV',1077,13.794185,-88.89653
'Equatorial Guinea','GQ','GNQ',1078,1.650801,10.267895
'Eritrea','ER','ERI',1079,15.179384,39.782334
'Estonia','EE','EST',1080,58.595272,25.013607
'Ethiopia','ET','ETH',1081,9.145,40.489673
'Falkland Islands','FK','FLK',1082,-51.796253,-59.523613
'Faroe Islands','FO','FRO',1083,61.892635,-6.911806
'Fiji','FJ','FJI',1084,-17.713371,178.065032
'Finland','FI','FIN',1085,61.92411,25.748151
'France','FR','FRA',1086,46.227638,2.213749
'French Guiana','GF','GUF',1087,3.933889,-53.125782
'French Polynesia','PF','PYF',1088,-17.679742,-149.406843
'French Southern Territories','PF','PYF',1089,-49.280366,69.348557
'Gabon','GA','GAB',1090,-0.803689,11.609444
'Gambia','GM','GMB',1091,13.443182,-15.310139
'Georgia','GE','GEO',1092,42.315407,43.356892
'Germany','DE','DEU',1093,51.165691,10.451526
'Ghana','GH','GHA',1094,7.946527,-1.023194
'Gibraltar','GI','GIB',1095,36.140751,-5.353585
'Greece','GR','GRC',1096,39.074208,21.824312
'Greenland','GL','GRL',1097,71.706936,-42.604303
'Grenada','GD','GRD',1098,12.1165,-61.679
'Guadeloupe','GP','GLP',1099,16.265,-61.551
'Guam','GU','GUM',1100,13.444304,144.793731
'Guatemala','GT','GTM',1101,15.783471,-90.230759
'Guernsey','GG','GGY',1102,49.465691,-2.585278
'Guinea','GN','GIN',1103,9.945587,-9.696645
'Guinea-Bissau','GW','GNB',1104,11.803749,-15.180413
'Guyana','GY','GUY',1105,4.860416,-58.93018
'Haiti','HT','HTI',1106,18.971187,-72.285215
'Heard Island and McDonald Islands','HM','HMD',1107,-53.08181,73.504158
'Honduras','HN','HND',1108,15.199999,-86.241905
'Hong Kong','HK','HKG',1109,22.396428,114.109497
'Hungary','HU','HUN',1110,47.162494,19.503304
'Iceland','IS','ISL',1111,64.963051,-19.020835
'India','IN','IND',1112,20.593684,78.96288
'Indonesia','ID','IDN',1113,-0.789275,113.921327
'Iran','IR','IRN',1114,32.427908,53.688046
'Iraq','IQ','IRQ',1115,33.223191,43.679291
'Ireland','IE','IRL',1116,53.41291,-8.24389
'Isle of Man','IM','IMN',1117,54.236107,-4.548056
'Israel','IL','ISR',1118,31.046051,34.851612
'Italy','IT','ITA',1119,41.87194,12.56738
'Jamaica','JM','JAM',1120,40.702677,-73.7889689
'Japan','JP','JPN',1121,36.204824,138.252924
'Jersey','JE','JEY',1122,49.214439,-2.13125
'Jordan','JO','JOR',1123,30.585164,36.238414
'Kazakhstan','KZ','KAZ',1124,48.019573,66.923684
'Kenya','KE','KEN',1125,-0.023559,37.906193
'Kiribati','KI','KIR',1126,1.8708833,-157.3630262
'Kosovo','XK','KO-',1127,49.8831333,16.79872
'Kuwait','KW','KWT',1128,29.31166,47.481766
'Kyrgyzstan','KG','KGZ',1129,41.20438,74.766098
'Laos','LA','LAO',1130,19.85627,102.495496
'Latvia','LV','LVA',1131,56.879635,24.603189
'Lebanon','LB','LBN',1132,39.4353373,-84.2029922
'Lesotho','LS','LSO',1133,-29.609988,28.233608
'Liberia','LR','LBR',1134,6.428055,-9.429499
'Libya','LY','LBY',1135,26.3351,17.228331
'Liechtenstein','LI','LIE',1136,47.166,9.555373
'Lithuania','LT','LTU',1137,55.169438,23.881275
'Luxembourg','LU','LUX',1138,49.815273,6.129583
'Macao','MO','MAC',1139,22.198745,113.543873
'Macedonia','MK','MKD',1140,41.608635,21.745275
'Madagascar','MG','MDG',1141,-18.766947,46.869107
'Malawi','MW','MWI',1142,-13.254308,34.301525
'Malaysia','MY','MYS',1143,4.210484,101.975766
'Maldives','MV','MDV',1144,1.977247,73.5361034
'Mali','ML','MLI',1145,17.570692,-3.996166
'Malta','MT','MLT',1146,35.937496,14.375416
'Marshall Islands','MH','MHL',1147,6.0683936,171.989379
'Martinique','MQ','MTQ',1148,14.641528,-61.024174
'Mauritania','MR','MRT',1149,21.00789,-10.940835
'Mauritius','MU','MUS',1150,-20.348404,57.552152
'Mayotte','YT','MYT',1151,-12.8275,45.166244
'Mexico','MX','MEX',1152,39.1730652,-91.887271
'Micronesia','FM','FSM',1153,6.8874813,158.2150717
'Moldova','MD','MDA',1154,47.411631,28.369885
'Monaco','MC','MCO',1155,43.7384176,7.4246158
'Mongolia','MN','MNG',1156,46.862496,103.846656
'Montenegro','ME','MNE',1157,42.708678,19.37439
'Montserrat','MS','MSR',1158,16.742498,-62.187366
'Morocco','MA','MAR',1159,31.791702,-7.09262
'Mozambique','MZ','MOZ',1160,-18.665695,35.529562
'Myanmar','MM','MMR',1161,21.913965,95.956223
'Namibia','NA','NAM',1162,-22.95764,18.49041
'Nauru','NR','NRU',1163,-0.522778,166.931503
'Nepal','NP','NPL',1164,28.394857,84.124008
'Netherlands','NL','NLD',1165,52.132633,5.291266
'New Caledonia','NC','NCL',1166,-20.904305,165.618042
'New Zealand','NZ','NZL',1167,-40.900557,174.885971
'Nicaragua','NI','NIC',1168,12.865416,-85.207229
'Niger','NE','NER',1169,17.607789,8.081666
'Nigeria','NG','NGA',1170,9.081999,8.675277
'Niue','NU','NIU',1171,-19.054445,-169.867233
'Norfolk Island','NF','NFK',1172,-29.040835,167.954712
'North Korea','KP','PRK',1173,40.339852,127.510093
'Northern Mariana Islands','MP','MNP',1174,15.0979,145.6739
'Norway','NO','NOR',1175,60.472024,8.468946
'Oman','OM','OMN',1176,21.512583,55.923255
'Pakistan','PK','PAK',1177,30.375321,69.345116
'Palau','PW','PLW',1178,7.51498,134.58252
'Palestina','PS','PSE',1179,31.952162,35.233154
'Panama','PA','PAN',1180,8.537981,-80.782127
'Papua New Guinea','PG','PNG',1181,-6.314993,143.95555
'Paraguay','PY','PRY',1182,-23.442503,-58.443832
'Peru','PE','PER',1183,-9.189967,-75.015152
'Philippines','PH','PHL',1184,12.879721,121.774017
'Pitcairn Islands','PN','PCN',1185,-24.3767452,-128.3242353
'Poland','PL','POL',1186,51.919438,19.145136
'Portugal','PT','PRT',1187,39.399872,-8.224454
'Puerto Rico','PR','PRI',1188,18.220833,-66.590149
'Qatar','QA','QAT',1189,25.354826,51.183884
'Republic of Congo','CG','COG',1190,-0.228021,15.827659
'Reunion','RE','REU',1191,-21.115141,55.536384
'Romania','RO','ROU',1192,45.943161,24.96676
'Russia','RU','RUS',1193,61.52401,105.318756
'Rwanda','RW','RWA',1194,-1.940278,29.873888
'Saint Barthelemy','BL','BLM',1195,17.9,-62.833333
'Saint-Martin','MF','MAF',1196,18.04248,-63.05483
'Saint Helena','SH','SHN',1197,34.5141813,-77.9167457
'Saint Kitts and Nevis','KN','KNA',1198,17.357822,-62.782998
'Saint Lucia','LC','LCA',1199,13.909444,-60.978893
'Saint Pierre and Miquelon','PM','SPM',1200,46.8852,-56.3159
'Saint Vincent and the Grenadines','VC','VCT',1201,13.2528179,-61.1971628
'Samoa','WS','WSM',1202,-13.759029,-172.104629
'San Marino','SM','SMR',1203,34.121397,-118.1064585
'Sao Tome and Principe','ST','STP',1204,0.18636,6.613081
'Saudi Arabia','SA','SAU',1205,23.885942,45.079162
'Senegal','SN','SEN',1206,14.497401,-14.452362
'Serbia','RS','SRB',1207,44.016521,21.005859
'Seychelles','SC','SYC',1208,-4.679574,55.491977
'Sierra Leone','SL','SLE',1209,8.460555,-11.779889
'Singapore','SG','SGP',1210,1.352083,103.819836
'Sint Maarten','SX','SMX',1211,18.08255,-63.052251
'Slovakia','SK','SVK',1212,48.669026,19.699024
'Slovenia','SI','SVN',1213,46.151241,14.995463
'Solomon Islands','SB','SLB',1214,-9.64571,160.156194
'Somalia','SO','SOM',1215,5.152149,46.199616
'South Africa','ZA','ZAF',1216,-30.559482,22.937506
'South Georgia and the South Sandwich Islands','GS','SGS',1217,-54.429579,-36.587909
'South Korea','KR','KOR',1218,35.907757,127.766922
'South Sudan','SS','SSD',1219,6.8769919,31.3069788
'Spain','ES','ESP',1220,40.463667,-3.74922
'Sri Lanka','LK','LKA',1221,7.873054,80.771797
'Sudan','SD','SDN',1222,12.862807,30.217636
'Suriname','SR','SUR',1223,3.919305,-56.027783
'Svalbard and Jan Mayen','SJ','SJM',1224,77.553604,23.670272
'Swaziland','SZ','SWZ',1225,-26.522503,31.465866
'Sweden','SE','SWE',1226,60.128161,18.643501
'Switzerland','CH','CHE',1227,46.818188,8.227512
'Syria','SY','SYR',1228,34.802075,38.996815
'Taiwan','TW','TWN',1229,23.69781,120.960515
'Tajikistan','TJ','TJK',1230,38.861034,71.276093
'Tanzania','TZ','TZA',1231,-6.369028,34.888822
'Thailand','TH','THA',1232,15.870032,100.992541
'Togo','TG','TGO',1233,8.619543,0.824782
'Tokelau','TK','TKL',1234,-9.2002,-171.8484
'Tonga','TO','TON',1235,-21.178986,-175.198242
'Trinidad and Tobago','TT','TTO',1236,10.691803,-61.222503
'Tunisia','TN','TUN',1237,33.886917,9.537499
'Turkey','TR','TUR',1238,38.963745,35.243322
'Turkmenistan','TM','TKM',1239,38.969719,59.556278
'Turks and Caicos Islands','TC','TCA',1240,21.694025,-71.797928
'Tuvalu','TV','TUV',1241,-7.4784418,178.6799214
'Uganda','UG','UGA',1242,1.373333,32.290275
'Ukraine','UA','UKR',1243,48.379433,31.16558
'United Arab Emirates','AE','ARE',1244,23.424076,53.847818
'United Kingdom','GB','GBR',1245,55.378051,-3.435973
'United States','US','USA',1246,37.09024,-95.712891
'United States Minor Outlying Islands','UM','UMI',1247,19.2823192,166.647047
'Uruguay','UY','URY',1248,-32.522779,-55.765835
'Uzbekistan','UZ','UZB',1249,41.377491,64.585262
'Vanuatu','VU','VUT',1250,-15.376706,166.959158
'Vatican City','VA','VAT',1251,41.902916,12.453389
'Venezuela','VE','VEN',1252,6.42375,-66.58973
'Vietnam','VN','VNM',1253,14.058324,108.277199
'Virgin Islands, U.S.','VI','VIR',1254,36.0420402,-115.0632314
'Wallis and Futuna','WF','WLF',1255,-14.2938,-178.1165
'Western Sahara','EH','ESH',1256,24.215527,-12.885834
'Yemen','YE','YEM',1257,15.552727,48.516388
'Zambia','ZM','ZMB',1258,-13.133897,27.849332
'Zimbabwe','ZW','ZWE',1259,-19.015438,29.154857
'Aland Islands','AX','ALA',1260,60.1785247,19.9156105
'Brunei Darussalam','BN','BRN',1261,4.535277,114.727669
'Cocos (Keeling) Islands','CC','CCK',1262,-12.1708739,96.8417392
'Congo (Brazzaville)','CG','COG',1263,-0.228021,15.827659
'Congo, Democratic Republic of the','CD','COD',1264,38.914313,-77.039464
'Cte d\'\'Ivoire','CI','CIV',1265,7.539989,-5.54708
'Curaao','CW','CUW',1266,12.16957,-68.99002
'Falkland Islands (Malvinas)','FK','FLK',1267,-51.796253,-59.523613
'Grand Cayman','KY','CYM',1268,19.3221698,-81.2408689
'Holy See (Vatican City State)','VA','VAT',1269,41.9023459,12.4511913
'Hong Kong, Special Administrative Region of China','HK','HKG',1270,22.396428,114.109497
'Iran, Islamic Republic of','IR','IRN',1271,38.4703541,47.0571193
'Korea, Democratic People\'\'s Republic of','KP','PRK',1272,13.7329019,100.6176394
'Korea, Republic of','KR','KOR',1273,37.984654,23.760616
'Lao PDR','LA','LAO',1274,16.7893529,96.1396097
'Macao, Special Administrative Region of China','MO','MAC',1275,22.198745,113.543873
'Macedonia, Republic of','MK','MKD',1276,41.34026,-81.554208
'Micronesia, Federated States of','FM','FSM',1277,21.3335279,-157.9094907
'Palestinian Territory, Occupied','PS','PSE',1278,0,0
'Pitcairn','PN','PCN',1279,-24.3767452,-128.3242353
'Runion','RE','REU',1280,35.8859373,-82.7731965
'Russian Federation','RU','RUS',1281,61.52401,105.318756
'Saint Vincent','VC','VCT',1282,45.7515707,7.6420804
'Saint Vincent and Grenadines','VC','VCT',1283,51.5013512,-0.1870126
'Saint-Barth lemy','BL','BLM',1284,17.9,-62.833333
'Saint-Vincent','VC','VCT',1285,45.7515707,7.6420804
'Svalbard and Jan Mayen Islands','SJ','SJM',1286,71.031818,-8.2920347
'Syrian Arab Republic (Syria)','SY','SYR',1287,34.802075,38.996815
'Timor-Leste','TL','TLS',1288,-8.874217,125.727539
'Trinidad & Tobago','TT','TTO',1289,37.1694632,-104.5005407
'United States of America','US','USA',1290,37.09024,-95.712891
'Viet Nam','VN','VNM',1291,14.058324,108.277199
'Virgin Island (GB)','VG','VGB',1292,51.5104465,-0.1549224
'Virgin Island (US)','VI','VIR',1293,48.5290677,-92.7058696
'Virgin Islands, US','VI','VIR',1294,36.0420402,-115.0632314
'Wallis and Futuna Islands','WF','WLF',1295,-13.2959105,-176.2056843
'Dominique','DM','DMA',1296,15.414999,-61.370976
'Curazao','CW','CUW',1297,12.16957,-68.99002
'Tanzania, United Republic of','TZ','TZA',1298,-34.9478961,138.5812844
'\"\"\"\"\"\"\"North America\"\"\"\"\"\"\"','US','USA',1299,54.5259614,-105.2551187
'?ARGENTINA','AR','ARG',1300,-38.416097,-63.616672
'?BOLIVIA','BO','BOL',1301,-16.290154,-63.588653
'?CHILE','CL','CHL',1302,-35.675147,-71.542969
'?ECUADOR','EC','ECU',1303,-1.831239,-78.183406
'?PARAGUAY','PY','PRY',1304,-23.442503,-58.443832
'?URUGUAY','UY','URY',1305,-32.522779,-55.765835
'[?CHILE]','CL','CHL',1306,-35.675147,-71.542969
'[act. Azerbadjan]','AZ','AZE',1307,-35.354535,149.108071
'[act. Crime, en Ukraine]','UA','UKR',1308,0,0
'[act. Grce]','GR','GRC',1309,-35.1732752,149.1277191
'[act. Irak]','IQ','IRQ',1310,-35.351576,149.108868
'[act. Kirghizistan ?]','KG','KGZ',1311,0,0
'[act. Turquie]','TR','TUR',1312,40.989635,28.8158932
'[Afrique du Sud]','ZA','ZAF',1313,-30.559482,22.937506
'[Algrie]','DZ','DZA',1314,28.033886,1.659626
'[ARGENTINA ?]','AR','ARG',1315,-38.416097,-63.616672
'[ARGENTINA?]','AR','ARG',1316,-38.416097,-63.616672
'[ARGENTINA]','AR','ARG',1317,-38.416097,-63.616672
'[Argentine]','AR','ARG',1318,-38.416097,-63.616672
'[Bangladesh]','BD','BGD',1319,23.684994,90.356331
'[BRAZIL]','BR','BRA',1320,-14.235004,-51.92528
'[Brsil]','BR','BRA',1321,-14.235004,-51.92528
'[CHILE]','CL','CHL',1322,-35.675147,-71.542969
'[Chili]','CL','CHL',1323,-35.675147,-71.542969
'[Chine]','CN','CHN',1324,35.86166,104.195397
'[Chine]','CN','CHN',1325,35.86166,104.195397
'[COLOMBIA]','CO','COL',1326,4.570868,-74.297333
'[Colombie]','CO','COL',1327,4.570868,-74.297333
'[COSTA RICA ?]','CR','CRI',1328,9.748917,-83.753428
'[ECUADOR]','EC','ECU',1329,-1.831239,-78.183406
'[Egypte]','EG','EGY',1330,26.820553,30.802498
'[Equateur]','EC','ECU',1331,-1.831239,-78.183406
'[Etats-Unis]','US','USA',1332,37.09024,-95.712891
'[France]','FR','FRA',1333,46.227638,2.213749
'[Grce]','GR','GRC',1334,46.2958146,15.1256069
'[Guine Equatoriale]','GQ','GNQ',1335,1.650801,10.267895
'[Inde]','IN','IND',1336,20.593684,78.96288
'[Indonesie]','ID','IDN',1337,-0.789275,113.921327
'[Indonsie ou Malaisie]','ID','IDN',1338,4.210484,101.975766
'[Indonsie]','ID','IDN',1339,-0.789275,113.921327
'[Indonsie] Java','ID','IDN',1340,-7.3281875,109.9076899
'[Iran]','IR','IRN',1341,32.427908,53.688046
'[Japon]','JP','JPN',1342,36.204824,138.252924
'[La Runion]','RE','REU',1343,23.1359583,-82.3533985
'[Laos]','LA','LAO',1344,19.85627,102.495496
'[Liban]','LB','LBN',1345,33.854721,35.862285
'[Madagascar]','MG','MDG',1346,-18.766947,46.869107
'[Malaisie]','MY','MYS',1347,4.210484,101.975766
'[Malawi]','MW','MWI',1348,-13.254308,34.301525
'[Mali]','ML','MLI',1349,17.570692,-3.996166
'[Malouines]','FK','FLK',1350,45.9560884,4.6922806
'[Martinique]','MQ','MTQ',1351,14.641528,-61.024174
'[MEXICO]','MX','MEX',1352,39.1730652,-91.887271
'[Mexique]','MX','MEX',1353,23.634501,-102.552784
'[Mozambique]','MZ','MOZ',1354,-18.665695,35.529562
'[Myanmar]','MM','MMR',1355,21.913965,95.956223
'[Nigeria]','NG','NGA',1356,9.081999,8.675277
'[Nouvelle-Grenade] Colombie','CO','COL',1357,0,0
'[Npal]','NP','NPL',1358,0,0
'[Nubie]','SD','SDN',1359,45.4311701,-89.4609266
'[Papouasie Nouvelle-Guine]','PG','PNG',1360,-6.314993,143.95555
'[Papua New Guinea]','PG','PNG',1361,-6.314993,143.95555
'[Philippines]','PH','PHL',1362,12.879721,121.774017
'[Pologne]','PL','POL',1363,51.919438,19.145136
'[Polynsie Franaise]','PF','PYF',1364,-17.679742,-149.406843
'Clipperton Island','PF','PYF',1365,10.284842,-109.2162498
'[Prou et Chili]','PE','PER',1366,-18.5940485,-69.4784541
'[Prou]','PE','PER',1367,46.4883926,8.9280883
'[Rpublique Dominicaine]','DO','DOM',1368,18.735693,-70.162651
'[Russie]','RU','RUS',1369,61.52401,105.318756
'[Russie]','RU','RUS',1370,61.52401,105.318756
'[Slovaquie]','SK','SVK',1371,48.669026,19.699024
'[Sngal]','SN','SEN',1372,14.497401,-14.452362
'[Soudan]','SD','SDN',1373,12.862807,30.217636
'[Sri Lanka]','LK','LKA',1374,7.873054,80.771797
'[Tadjikistan]','TJ','TJK',1375,38.861034,71.276093
'[Taiwan]','TW','TWN',1376,23.69781,120.960515
'[Tanzanie ?]','TZ','TZA',1377,-6.369028,34.888822
'[Tanzanie]','TZ','TZA',1378,-6.369028,34.888822
'[Turkestan]','KZ','KAZ',1379,43.3050854,68.2346884
'[Turkmenistan]','TM','TKM',1380,38.969719,59.556278
'[Turkmnistan]','TM','TKM',1381,38.969719,59.556278
'[Turquie ?]','TR','TUR',1382,38.963745,35.243322
'[Turquie]','TR','TUR',1383,38.963745,35.243322
'[Uruguay]','UY','URY',1384,-32.522779,-55.765835
'[URUGUAY]','UY','URY',1385,-32.522779,-55.765835
'[USA]','US','USA',1386,37.09024,-95.712891
'[Venezuela ?]','VE','VEN',1387,6.42375,-66.58973
'[Venezuela ou Colombie]','VE','VEN',1388,0,0
'[Venezuela]','VE','VEN',1389,6.42375,-66.58973
'[Viet Nam]','VN','VNM',1390,14.058324,108.277199
'[Vietnam]','VN','VNM',1391,14.058324,108.277199
'[Virgin Islands]','VI','VIR',1392,18.335765,-64.896335
'[Vit Nam]','VN','VNM',1393,14.058324,108.277199
'[Vnzuela]','VE','VEN',1394,6.42375,-66.58973
'[Zare]','CD','COD',1395,53.5914578,11.2386094
'Abisinia','ET','ETH',1396,-1.38333,-72.19992
'Abkhazia','GE','GEO',1397,53.272786,-8.9563762
'Abyssinia','ET','ETH',1398,54.59591,-5.95026
'Abyssinie','ET','ETH',1399,0,0
'Abyssinie [Ethiopie]','ET','ETH',1400,0,0
'Aethiopia','ET','ETH',1401,0,0
'AFG','AF','AFG',1402,29.7387552,-95.7498528
'Afghanistan','AF','AFG',1403,33.93911,67.709953
'Afghanistan','AF','AFG',1404,33.93911,67.709953
'Afghanistan ? Badakhshan','AF','AFG',1405,36.7347725,70.8119953
'Afrique australe','ZA','ZAF',1406,11.1990192,29.4179324
'Afrique centrale','TD','TCD',1407,-4.344093,15.3200538
'Afrique du Sud','ZA','ZAF',1408,-30.559482,22.937506
'Afrique du Sud','ZA','ZAF',1409,-30.559482,22.937506
'land Islands','AX','ALA',1410,-0.589724,101.3431058
'ALB','AL','ALB',1411,62.4986033,15.4844517
'ALBANIA','AL','ALB',1412,41.153332,20.168331
'Albania','AL','ALB',1413,41.153332,20.168331
'Albanie','AL','ALB',1414,41.153332,20.168331
'Aldabra Islands','SC','SYC',1415,-9.4236984,46.3432781
'ALEMANHA','DE','DEU',1416,51.165691,10.451526
'ALGERIA','DZ','DZA',1417,28.033886,1.659626
'Algrie','DZ','DZA',1418,28.033886,1.659626
'Allemagne','DE','DEU',1419,51.165691,10.451526
'Alta','RU','RUS',1420,69.9687376,23.2715496
'Alta','RU','RUS',1421,69.9687376,23.2715496
'Altai','RU','RUS',1422,45.8458028,62.2309709
'ALTO PARAGUAY','PY','PRY',1423,-20.0852508,-59.4720904
'Amboine','ID','IDN',1424,48.896456,-0.658694
'Amer. merid. [Argentine]','AR','ARG',1425,0,0
'AMERICAN SAMOA','AS','ASM',1426,-14.3060204,-170.6961815
'American Samoa/Western Samoa','AS','ASM',1427,-14.3377398,-170.7282043
'Anatolia','TR','TUR',1428,36.8968908,30.7133233
'Ancient Palestine','IL','ISR',1429,31.519157,34.432624
'Andaman and Nicobar Islands','IN','IND',1430,11.7400867,92.6586401
'Andorra','AD','AND',1431,42.506285,1.521801
'Angola','AO','AGO',1432,-11.202692,17.873887
'ANGOLA','AO','AGO',1433,-11.202692,17.873887
'Angola','AO','AGO',1434,-11.202692,17.873887
'ANGOLA','AO','AGO',1435,-11.202692,17.873887
'Angola','AO','AGO',1436,-11.202692,17.873887
'Angola / Congo / Zaire','AO','AGO',1437,-2.420088,16.1816196
'Angola ?','AO','AGO',1438,-11.202692,17.873887
'angola?','AO','AGO',1439,-11.202692,17.873887
'Anjouan','KM','COM',1440,-12.2138145,44.4370606
'Annam','VN','VNM',1441,11.9495456,108.4371432
'Annam (French protectorate)','VN','VNM',1442,0,0
'Antigua & Barbuda','AG','ATG',1443,17.0746557,-61.8175207
'ANTIGUA AND BARBUDA','AG','ATG',1444,17.060816,-61.796428
'Antigua And Barbuda','AG','ATG',1445,17.060816,-61.796428
'Arabia','SA','SAU',1446,19.4914108,47.4490397
'Arabie','SA','SAU',1447,34.3181497,-86.4958219
'ARG','AR','ARG',1448,-19.7003886,-43.9611458
'ARGENINTA','AR','ARG',1449,-38.416097,-63.616672
'Argentina','AR','ARG',1450,-38.416097,-63.616672
'ARGENTINA','AR','ARG',1451,-38.416097,-63.616672
'Argentina / Bolivia','AR','ARG',1452,-16.4623071,-68.1834952
'Argentina / Chile','AR','ARG',1453,-20.45,-69.8833329
'Argentina / Uruguay','AR','ARG',1454,-33.1552228,-58.3945107
'ARGENTINA ?','AR','ARG',1455,-38.416097,-63.616672
'ARGENTINA/CHILE','AR','ARG',1456,-20.45,-69.8833329
'ARGENTINA?','AR','ARG',1457,-38.416097,-63.616672
'Argentine','AR','ARG',1458,-38.416097,-63.616672
'Argentine-Paraguay','AR','ARG',1459,-20.8722408,-57.5424542
'Arglia','DZ','DZA',1460,28.033886,1.659626
'ARGNTINA','AR','ARG',1461,-38.416097,-63.616672
'ARM','AM','ARM',1462,39.6350007,-79.9557154
'Armenia','AM','ARM',1463,40.069099,45.038189
'Armenia','AM','ARM',1464,40.069099,45.038189
'Armenia ?','AM','ARM',1465,40.069099,45.038189
'Armenia Rossica','AM','ARM',1466,0,0
'Armenia Turcica','TR','TUR',1467,0,0
'Armenia turcica [act. Turquie]','TR','TUR',1468,0,0
'Armenian SSR','AM','ARM',1469,0,0
'Armenianskaia SSR','AM','ARM',1470,0,0
'Armnie','AM','ARM',1471,40.069099,45.038189
'Armnie','AM','ARM',1472,40.069099,45.038189
'Armnie turque','TR','TUR',1473,0,0
'Asie Mineure','TR','TUR',1474,0,0
'Asie occidentale','TR','TUR',1475,23.899682,91.4048249
'Asie Occidentale [act. Turquie]','TR','TUR',1476,0,0
'AUS','AU','AUS',1477,-25.274398,133.775136
'Australia','AU','AUS',1478,-25.274398,133.775136
'Australia','AU','AUS',1479,-25.274398,133.775136
'Australia','AU','AUS',1480,-25.274398,133.775136
'Australie','AU','AUS',1481,-25.274398,133.775136
'Austria','AT','AUT',1482,47.516231,14.550072
'Austria?','AT','AUT',1483,47.516231,14.550072
'Austrlia','AU','AUS',1484,-25.274398,133.775136
'Austro-Hungarica','AT','AUT',1485,42.5596059,18.6287909
'AUT','AT','AUT',1486,44.189606,1.468091
'Autriche','AT','AUT',1487,47.516231,14.550072
'AZE','AZ','AZE',1488,46.431348,4.7612249
'Azerbaidjan','AZ','AZE',1489,40.143105,47.576927
'Azerbaijan','AZ','AZE',1490,40.143105,47.576927
'Azerbaijan','AZ','AZE',1491,40.143105,47.576927
'Azerbaijanskaia SSR','AZ','AZE',1492,0,0
'Azores','PT','PRT',1493,37.7412488,-25.6755944
'Bahamas','BS','BHS',1494,25.03428,-77.39628
'Bahamas','BS','BHS',1495,25.03428,-77.39628
'Bangladesh','BD','BGD',1496,23.684994,90.356331
'Bangladesh','BD','BGD',1497,23.684994,90.356331
'BARBADOS','BB','BRB',1498,13.193887,-59.543198
'Bashkir SSR','RU','RUS',1499,0,0
'Basutoland','LS','LSO',1500,0,0
'Bechuanaland Protectorate','BW','BWA',1501,0,0
'BEL','BE','BEL',1502,10.0574521,76.3605596
'Belgian Congo','CD','COD',1503,40.5835034,-80.5895705
'Belgian Congo','CD','COD',1504,40.5835034,-80.5895705
'Belgium','BE','BEL',1505,50.503887,4.469936
'BELIZE','BZ','BLZ',1506,17.189877,-88.49765
'Belize','BZ','BLZ',1507,17.189877,-88.49765
'Bengal','BD','BGD',1508,22.9867569,87.8549755
'BENIN','BJ','BEN',1509,9.30769,2.315834
'BENIN','BJ','BEN',1510,9.30769,2.315834
'Benin / Nigeria','BJ','BEN',1511,6.334986,5.6037465
'BGR','BG','BGR',1512,44.8079749,-68.8166829
'Bhutan','BT','BTN',1513,27.514162,90.433601
'Bhutan','BT','BTN',1514,27.514162,90.433601
'Bhutan','BT','BTN',1515,27.514162,90.433601
'BIH','BA','BIH',1516,23.2738497,77.3364806
'Birmanie','MM','MMR',1517,21.913965,95.956223
'Bithynia','TR','TUR',1518,34.1299152,-81.1739073
'Blgica','BE','BEL',1519,0,0
'BLR','BY','BLR',1520,13.2044921,77.7076907
'Bnin','BJ','BEN',1521,53.1341691,17.4003537
'Bnin','BJ','BEN',1522,53.1341691,17.4003537
'Bohemia','CZ','CZE',1523,50.0850736,14.4328744
'BOL','BO','BOL',1524,54.6482722,9.7186016
'Bol_via','BO','BOL',1525,-16.290154,-63.588653
'Bolivia','BO','BOL',1526,-16.290154,-63.588653
'BOLIVIA','BO','BOL',1527,-16.290154,-63.588653
'BOLIVIA ?','BO','BOL',1528,-16.290154,-63.588653
'BOLIVIA OR PERU','BO','BOL',1529,0,0
'BOLIVIA?','BO','BOL',1530,-16.290154,-63.588653
'Bolivie','BO','BOL',1531,-16.290154,-63.588653
'Bolvia','BO','BOL',1532,-16.290154,-63.588653
'Bonaire','BQ','BES',1533,12.1783611,-68.2385339
'Borno','MY','MYS',1534,11.5097479,12.9789121
'Borno [Malaisie]','MY','MYS',1535,0.9618834,114.5548495
'Bosnia','BA','BIH',1536,32.6229414,-115.4937845
'Bosnia and Herzegovina','BA','BIH',1537,43.915886,17.679076
'Bosnia and Herzegovina','BA','BIH',1538,43.915886,17.679076
'Bosnia-Herzegovina','BA','BIH',1539,43.915886,17.679076
'BOTSWANA','BW','BWA',1540,-22.328474,24.684866
'BOTSWANA','BW','BWA',1541,-22.328474,24.684866
'Botswana','BW','BWA',1542,-22.328474,24.684866
'BR','BR','BRA',1543,-14.235004,-51.92528
'BRA','BR','BRA',1544,-14.235004,-51.92528
'Brasil','BR','BRA',1545,-14.235004,-51.92528
'Brasil','BR','BRA',1546,-14.235004,-51.92528
'Brasilia','BR','BRA',1547,-14.235004,-51.92528
'Brazil','BR','BRA',1548,-14.235004,-51.92528
'BRAZIL','BR','BRA',1549,-14.235004,-51.92528
'BRAZIL ?','BR','BRA',1550,-14.235004,-51.92528
'BRAZIL?','BR','BRA',1551,-14.235004,-51.92528
'Bristish Honduras','BZ','BLZ',1552,0,0
'Bristish Somaliland','SO','SOM',1553,9.5681294,44.0269804
'Brithish Honduras','BZ','BLZ',1554,0,0
'British Cameroon','CM','CMR',1555,4.0527172,9.6965826
'British Cameroons','NG','NGA',1556,51.4099299,-2.5029039
'British Guiana','GY','GUY',1557,6.8188351,-58.1641155
'British Guiana','GY','GUY',1558,6.8188351,-58.1641155
'British Guiana','GY','GUY',1559,6.8188351,-58.1641155
'BRITISH GUIANA [Guyana]','GY','GUY',1560,6.8188351,-58.1641155
'British Honduras','BZ','BLZ',1561,51.5236842,-0.0958244
'BRITISH HONDURAS [Belize]','BZ','BLZ',1562,0,0
'British India','IN','IND',1563,25.5192018,79.1508668
'British Isles','GB','GBR',1564,54,-4
'British North Borneo','MY','MYS',1565,5.9788398,116.0753199
'British North Borneo','MY','MYS',1566,5.9788398,116.0753199
'British Raj','IN','IND',1567,53.2561487,-2.5240448
'British Solomon Islands Protectorate','SB','SLB',1568,0,0
'British Somaliland','SO','SOM',1569,9.5681294,44.0269804
'Brsil','BR','BRA',1570,-14.235004,-51.92528
'Brsil','BR','BRA',1571,-14.235004,-51.92528
'Brunei','BN','BRN',1572,4.535277,114.727669
'BRUNEI DARUSSALAM','BN','BRN',1573,4.535277,114.727669
'BRUNEI DARUSSALAM','BN','BRN',1574,4.535277,114.727669
'BUL','BG','BGR',1575,22.2664109,85.0605243
'Bulgaria','BG','BGR',1576,42.733883,25.48583
'Bulgaria','BG','BGR',1577,42.733883,25.48583
'Bulgarie','BG','BGR',1578,42.733883,25.48583
'Bulgria','BG','BGR',1579,42.733883,25.48583
'Burkina','BF','BFA',1580,12.238333,-1.561593
'Burkina Faso','BF','BFA',1581,12.238333,-1.561593
'BURKINA FASO','BF','BFA',1582,12.238333,-1.561593
'BURKINA FASO','BF','BFA',1583,12.238333,-1.561593
'BURKINA FASO','BF','BFA',1584,12.238333,-1.561593
'Burkina Faso','BF','BFA',1585,12.238333,-1.561593
'Burkinafaso','BF','BFA',1586,12.238333,-1.561593
'Burkinafaso','BF','BFA',1587,12.238333,-1.561593
'Burkina-Faso','BF','BFA',1588,12.238333,-1.561593
'Burma','MM','MMR',1589,21.913965,95.956223
'Burma','MM','MMR',1590,21.913965,95.956223
'Burma','MM','MMR',1591,21.913965,95.956223
'Burma (Myanmar)','MM','MMR',1592,21.1818181,95.8987139
'BURMA [Myanmar]','MM','MMR',1593,21.1818181,95.8987139
'Burmuni (Burundi?)','MM','MMR',1594,0,0
'BURUNDI','BI','BDI',1595,-3.373056,29.918886
'BURUNDI','BI','BDI',1596,-3.373056,29.918886
'BURUNDI','BI','BDI',1597,-3.373056,29.918886
'BURUNDI','BI','BDI',1598,-3.373056,29.918886
'BZ','BZ','BLZ',1599,45.3350912,26.7107578
'CA','CA','CAN',1600,36.778261,-119.4179324
'Cabo Verde','CV','CPV',1601,15.120142,-23.6051721
'Cachemyre','PK','PAK',1602,31.4974406,-9.755868
'California','US','USA',1603,36.778261,-119.4179324
'California','US','USA',1604,36.778261,-119.4179324
'cambodge','KH','KHM',1605,12.565679,104.990963
'Cambodia','KH','KHM',1606,12.565679,104.990963
'Cambodia','KH','KHM',1607,12.565679,104.990963
'Cameroon','CM','CMR',1608,7.369722,12.354722
'CAMEROON','CM','CMR',1609,7.369722,12.354722
'CAMEROON','CM','CMR',1610,7.369722,12.354722
'CAMEROON','CM','CMR',1611,7.369722,12.354722
'CAMEROON','CM','CMR',1612,7.369722,12.354722
'CAMEROON','CM','CMR',1613,7.369722,12.354722
'Cameroun','CM','CMR',1614,7.369722,12.354722
'Cameroun','CM','CMR',1615,7.369722,12.354722
'CAN','CA','CAN',1616,40.028167,27.046634
'Canad','CA','CAN',1617,56.130366,-106.346771
'Canada','CA','CAN',1618,56.130366,-106.346771
'CANADA','CA','CAN',1619,56.130366,-106.346771
'Canada / United States','CA','CAN',1620,35.26594,-83.0313905
'Canaries','ES','ESP',1621,28.2915637,-16.6291304
'Canary Islands','ES','ESP',1622,28.2915637,-16.6291304
'Canary Islands (Spain)','ES','ESP',1623,28.2915637,-16.6291304
'Cap de Bonne Esprance','ZA','ZAF',1624,-33.926046,18.4280581
'Cap Vert','CV','CPV',1625,15.120142,-23.6051721
'Cape verde','CV','CPV',1626,15.120142,-23.6051721
'Cape Verde Islands','CV','CPV',1627,16,-24
'Casamance','SN','SEN',1628,12.6187752,-16.099291
'Caucase','GE','GEO',1629,41,44
'CAYMAN ISLANDS','KY','CYM',1630,19.3133,-81.2546
'Celyon','LK','LKA',1631,7.873054,80.771797
'Centrafrique','CF','CAF',1632,6.611111,20.939444
'Central Africa','CF','CAF',1633,2.3184621,19.5687103
'Central Africa','CF','CAF',1634,2.3184621,19.5687103
'Central Africa','CF','CAF',1635,2.3184621,19.5687103
'CENTRAL AFRICAN REPUBLIC','CF','CAF',1636,6.611111,20.939444
'Central African Republic','CF','CAF',1637,6.611111,20.939444
'CENTRAL MEXICO','MX','MEX',1638,22.1461894,-100.9517378
'CENTRAL PERU','PE','PER',1639,-11.9454688,-77.0469861
'Ceylan','LK','LKA',1640,36.7932684,29.5803605
'Ceylan (Sri Lanka)','LK','LKA',1641,0,0
'Ceylan [Sri Lanka]','LK','LKA',1642,0,0
'Ceylon','LK','LKA',1643,7.873054,80.771797
'Ceylon','LK','LKA',1644,7.873054,80.771797
'Ceylon','LK','LKA',1645,7.873054,80.771797
'CEYLON [Sri Lanka]','LK','LKA',1646,7.873054,80.771797
'CHAD','TD','TCD',1647,15.454166,18.732207
'CHAD','TD','TCD',1648,15.454166,18.732207
'Chad','TD','TCD',1649,15.454166,18.732207
'Chagos Archipelago','IO','IOT',1650,-6,72
'Chari central','CF','CAF',1651,9.0795624,7.4990284
'Chari oriental','CF','CAF',1652,32.2125742,-2.4325299
'CHE','CH','CHE',1653,52.0197628,5.6636748
'Checheno-Ingushetia','RU','RUS',1654,43.4051698,44.8202999
'CHILE','CL','CHL',1655,-35.675147,-71.542969
'CHILE','CL','CHL',1656,-35.675147,-71.542969
'Chile-Peruvian coast','CL','CHL',1657,0,0
'Chili','CL','CHL',1658,-35.675147,-71.542969
'China','CN','CHN',1659,35.86166,104.195397
'China','CN','CHN',1660,35.86166,104.195397
'CHINA','CN','CHN',1661,35.86166,104.195397
'China (Manchuria)','CN','CHN',1662,45.323359,124.490099
'China ?','CN','CHN',1663,35.86166,104.195397
'China ? Karakoram','CN','CHN',1664,35.513227,77.8242479
'China ? Thian-Shan','CN','CHN',1665,42,80
'China ? Tibet? Sapa','CN','CHN',1666,31.336241,96.924429
'CHINA [Zhonghua]','CN','CHN',1667,41.1613998,122.0199054
'Chine','CN','CHN',1668,35.86166,104.195397
'chine','CN','CHN',1669,35.86166,104.195397
'Chine','CN','CHN',1670,35.86166,104.195397
'Chine','CN','CHN',1671,35.86166,104.195397
'Chine borale','CN','CHN',1672,25.4630237,88.5251068
'Chine septentrionale','CN','CHN',1673,0,0
'CHL','CL','CHL',1674,44.5190971,-114.2163115
'CHN','CN','CHN',1675,27.5149056,-81.8804625
'chypre','CY','CYP',1676,35.126413,33.429859
'Cilicia lectae [loc. in act. Iran]','IR','IRN',1677,0,0
'Cilicie','TR','TUR',1678,37.327778,34.794444
'CL','CL','CHL',1679,-35.675147,-71.542969
'CO','CO','COL',1680,39.5500507,-105.7820674
'Coast Gold (United Kingdom)','GH','GHA',1681,51.1709167,-4.1910522
'COD','CD','COD',1682,44.5263422,-109.0565308
'COL','CO','COL',1683,19.1222634,-104.0072348
'COLMBIA','CO','COL',1684,35.6150716,-87.0352831
'Colombia','CO','COL',1685,4.570868,-74.297333
'COLOMBIA','CO','COL',1686,4.570868,-74.297333
'COLOMBIA','CO','COL',1687,4.570868,-74.297333
'Colmbia','CO','COL',1688,35.6150716,-87.0352831
'COLOMBIA?','CO','COL',1689,4.570868,-74.297333
'Colombie','CO','COL',1690,4.570868,-74.297333
'Comalis','DJ','DJI',1691,0,0
'Comores','KM','COM',1692,-11.6455,43.3333
'Comoro Islands','KM','COM',1693,-12.14,44.25
'Comoros','KM','COM',1694,-11.6455,43.3333
'Congo','CG','COG',1695,-0.228021,15.827659
'CONGO','CG','COG',1696,-0.228021,15.827659
'CONGO (BRAZZAVILLE','CG','COG',1697,-0.228021,15.827659
'Congo (Brazzaville)','CG','COG',1698,-0.228021,15.827659
'Congo (Brazzaville)','CG','COG',1699,-0.228021,15.827659
'Congo (Kinshasa)','CG','COG',1700,-4.038333,21.758664
'Congo Belga','CD','COD',1701,-33.4797512,-70.7364885
'Congo belge','CD','COD',1702,-4.2759501,15.2782589
'Congo belge','CD','COD',1703,-4.2759501,15.2782589
'Congo Belge','CD','COD',1704,-4.2759501,15.2782589
'Congo Belgica','CD','COD',1705,51.0498,3.70772
'Congo Belgica','CG','COG',1706,51.0498,3.70772
'Congo et Ogoou','CG','COG',1707,0,0
'Congo franais','CD','COD',1708,-4.284758,15.25148
'Congo franais','CG','COG',1709,-4.284758,15.25148
'Congo,','CG','COG',1710,-0.228021,15.827659
'Congo, Democratic Republic of the','CD','COD',1711,38.914313,-77.039464
'Congo, DRC','CD','COD',1712,-2.420088,16.1816196
'CONGO, THE','CD','COD',1713,-0.228021,15.827659
'CONGO, THE','CD','COD',1714,-0.228021,15.827659
'CONGO, THE DEMOCRATIC REP','CD','COD',1715,38.914313,-77.039464
'Congo, the Democratic Republic of the','CD','COD',1716,38.914313,-77.039464
'Cook Islands','CK','COK',1717,-21.236736,-159.777671
'Coria do Sul','KR','KOR',1718,35.907757,127.766922
'Costa Rica','CR','CRI',1719,9.748917,-83.753428
'Costa Rica','CR','CRI',1720,9.748917,-83.753428
'COSTA RICA','CR','CRI',1721,9.748917,-83.753428
'COSTA RICA?','CR','CRI',1722,9.748917,-83.753428
'Costa-Rica','CR','CRI',1723,9.748917,-83.753428
'COTE D\'\'\'\'IVOIRE','CI','CIV',1724,7.539989,-5.54708
'Cote d\'\'\'\'Ivoire','CI','CIV',1725,7.539989,-5.54708
'CR','CR','CRI',1726,9.748917,-83.753428
'Cretan State','GR','GRC',1727,41.4280848,-87.6081261
'Crete','GR','GRC',1728,40.6252173,-96.9615141
'CRI','CR','CRI',1729,10.1419211,-67.9745418
'CRI','CR','CRI',1730,10.1419211,-67.9745418
'Croatia','HR','HRV',1731,45.1,15.2
'Croatie','HR','HRV',1732,45.1,15.2
'CSK','CZ','CZE',1733,50.0191053,21.9906735
'CSSR','CZ','CZE',1734,50.1609402,3.4850292
'Cte d\'\'\'\'Ivoire','CI','CIV',1735,7.539989,-5.54708
'Cte d\'\'\'\'Ivoire','CI','CIV',1736,7.539989,-5.54708
'Cte d\'\'\'\'Ivoire','CI','CIV',1737,7.539989,-5.54708
'Cte Orientale d\'\'\'\'Afrique','TZ','TZA',1738,0,0
'CUB','CU','CUB',1739,40.06276,-77.5217094
'Cuba','CU','CUB',1740,21.521757,-77.781167
'Cuba','CU','CUB',1741,21.521757,-77.781167
'Cuba','CU','CUB',1742,21.521757,-77.781167
'Curaao','CW','CUW',1743,12.16957,-68.99002
'CYP','CY','CYP',1744,12.0724129,124.5452236
'Cyprus','CY','CYP',1745,35.126413,33.429859
'CZE','CZ','CZE',1746,11.415833,-69.681946
'Czech Republic','CZ','CZE',1747,49.817492,15.472962
'Czech Republica','CZ','CZE',1748,49.817492,15.472962
'Czechoslovakia','CZ','CZE',1749,14.4803169,121.0390618
'Czechoslovakia','CZ','CZE',1750,14.4803169,121.0390618
'Czechoslovakia','CZ','CZE',1751,14.4803169,121.0390618
'Czechoslovakia','CZ','CZE',1752,14.4803169,121.0390618
'Czechoslovakia','CZ','CZE',1753,14.4803169,121.0390618
'Dagestan','RU','RUS',1754,42.1431886,47.0949799
'Dagestan ASSR','RU','RUS',1755,42.1431886,47.0949799
'Dagestanskaia ASSR','RU','RUS',1756,0,0
'Daghestan','RU','RUS',1757,42.1431886,47.0949799
'Dahomey','BJ','BEN',1758,4.0574796,-55.4554688
'Dahomey','BJ','BEN',1759,4.0574796,-55.4554688
'Dalmatia','HR','HRV',1760,40.6544124,-76.901693
'Danish west Indies','VI','VIR',1761,46.8040879,-123.0659994
'DDR','DE','DEU',1762,40.1248279,-3.8636544
'Delhi','IN','IND',1763,42.2781401,-74.9159946
'Democratic People\'\'\'\'s Republic of Korea','KP','PRK',1764,40.339852,127.510093
'Democratic Republic of the Congo','CD','COD',1765,-4.038333,21.758664
'Democratic Republic of the Congo','CD','COD',1766,-4.038333,21.758664
'DEN','DK','DNK',1767,53.1424857,6.3711719
'Denmark','DK','DNK',1768,56.26392,9.501785
'Denmark','DK','DNK',1769,56.26392,9.501785
'Denmark','DK','DNK',1770,56.26392,9.501785
'Denmark - Greenland','DK','DNK',1771,51.5411026,-0.9041795
'DEU','DE','DEU',1772,49.260664,11.8140267
'Deutsch Ostafrika','TZ','TZA',1773,0,0
'DJIBOUTI','DJ','DJI',1774,11.825138,42.590275
'DNK','DK','DNK',1775,-22.904186,-43.20955
'DOMINICA','DM','DMA',1776,15.414999,-61.370976
'Dominican','DO','DOM',1777,14.4923374,121.0268955
'Dominican Republic','DO','DOM',1778,18.735693,-70.162651
'Dominican Republic','DO','DOM',1779,18.735693,-70.162651
'Dominican Republic / Haiti','DO','DOM',1780,19.0018663,-71.5723953
'Dominique','DM','DMA',1781,15.414999,-61.370976
'Dutch Guiana [Suriname]','SR','SUR',1782,0,0
'DZA','DZ','DZA',1783,1.919444,15.746111
'E.U.A.','US','USA',1784,37.09024,-95.712891
'East Timor','TL','TLS',1785,-8.874217,125.727539
'East Timor (Timor-Leste)','TL','TLS',1786,-8.874217,125.727539
'EC','EC','ECU',1787,-1.831239,-78.183406
'ECU','EC','ECU',1788,29.264381,-94.838807
'ECUADOR','EC','ECU',1789,-1.831239,-78.183406
'ECUADOR','EC','ECU',1790,-1.831239,-78.183406
'ECUADOR?','EC','ECU',1791,-1.831239,-78.183406
'EGY','EG','EGY',1792,30.0649143,31.3543449
'Egypt','EG','EGY',1793,26.820553,30.802498
'Egypt','EG','EGY',1794,26.820553,30.802498
'Egypt / Sudan','EG','EGY',1795,28.4233144,30.7800912
'Egypte','EG','EGY',1796,26.820553,30.802498
'EGYPTE','EG','EGY',1797,26.820553,30.802498
'El Salvador','SV','SLV',1798,13.794185,-88.89653
'England','GB','GBR',1799,52.3555177,-1.1743197
'England ?','GB','GBR',1800,52.3555177,-1.1743197
'EQUADOR','EC','ECU',1801,-1.831239,-78.183406
'Equateur','EC','ECU',1802,-1.831239,-78.183406
'EQUATORIAL GUINEA','GQ','GNQ',1803,1.650801,10.267895
'Equatorial Guinea','GQ','GNQ',1804,1.650801,10.267895
'ERITREA','ER','ERI',1805,15.179384,39.782334
'Erythre','ER','ERI',1806,15.179384,39.782334
'ESP','ES','ESP',1807,41.0359509,-75.1581863
'Espagne','ES','ESP',1808,40.463667,-3.74922
'Espanha','ES','ESP',1809,40.463667,-3.74922
'EST','EE','EST',1810,32.8115638,-107.9211672
'Estados Malaios','MY','MYS',1811,0,0
'Estados Unidos','US','USA',1812,37.09024,-95.712891
'Estonia','EE','EST',1813,58.595272,25.013607
'Estonia','EE','EST',1814,58.595272,25.013607
'Etats Unis d\'\'\'\'Amrique','US','USA',1815,37.09024,-95.712891
'Etats-Unis','US','USA',1816,37.09024,-95.712891
'Etats-Unis d\'\'\'\'Amrique','US','USA',1817,37.09024,-95.712891
'ETH','ET','ETH',1818,10.0886693,78.7920899
'ETHIOPIA','ET','ETH',1819,9.145,40.489673
'ETHIOPIA','ET','ETH',1820,9.145,40.489673
'ETHIOPIA','ET','ETH',1821,9.145,40.489673
'Ethiopia','ET','ETH',1822,9.145,40.489673
'Ethiopia / Sudan','ET','ETH',1823,9.0168925,38.7495761
'Ethiopie','ET','ETH',1824,9.145,40.489673
'EUA','US','USA',1825,37.09024,-95.712891
'Falkland','FK','FLK',1826,-51.796253,-59.523613
'Falkland Islands','FK','FLK',1827,-51.796253,-59.523613
'Falkland Islands(Malvinas)','FK','FLK',1828,-51.796253,-59.523613
'Faroe Is.','FO','FRO',1829,57.9441874,19.1424789
'Federated States of Micronesia','FM','FSM',1830,6.8874813,158.2150717
'Federation of the West Indies','TT','TTO',1831,28.6316743,77.2376
'Fernando Po','GQ','GNQ',1832,3.6198322,8.7481167
'Fidji','FJ','FJI',1833,-17.713371,178.065032
'Fiji','FJ','FJI',1834,-17.713371,178.065032
'Fiji','FJ','FJI',1835,-17.713371,178.065032
'FIN','FI','FIN',1836,61.92411,25.748151
'Finland','FI','FIN',1837,61.92411,25.748151
'Finlndia','FI','FIN',1838,61.92411,25.748151
'Florida','US','USA',1839,27.6648274,-81.5157535
'Former Soviet Union','RU','RUS',1840,0,0
'Former USSR','RU','RUS',1841,0,0
'FORMER USSR.','RU','RUS',1842,0,0
'Former Yugoslavia','RU','RUS',1843,31.7060154,-106.4625756
'FormerSovietUnion','RU','RUS',1844,0,0
'FORMOSA [Taiwan]','TW','TWN',1845,23.5,121
'FRA','FR','FRA',1846,43.4966117,-7.6139633
'France','FR','FRA',1847,46.227638,2.213749
'FRANCE','FR','FRA',1848,46.227638,2.213749
'France','FR','FRA',1849,46.227638,2.213749
'France','FR','FRA',1850,46.227638,2.213749
'French Congo','CG','COG',1851,-4.2652372,15.2867315
'FRENCH GUIANA','GF','GUF',1852,3.933889,-53.125782
'French Guinea','GN','GIN',1853,3.933889,-53.125782
'FRENCH POLYNESIA','PF','PYF',1854,-17.679742,-149.406843
'French polynesia','PF','PYF',1855,-17.679742,-149.406843
'French Society Islands','PF','PYF',1856,-17.5765478,-149.6099747
'French Southern Terr.','PF','PYF',1857,28.7933307,-81.2730905
'French Sudan','ML','MLI',1858,29.784531,-95.3150843
'Frontire Uganda-Rwanda','UG','UGA',1859,0,0
'Gabon','GA','GAB',1860,-0.803689,11.609444
'Galapagos','EC','ECU',1861,-0.8292784,-90.9820668
'Galatia','TR','TUR',1862,42.4853496,-76.0313143
'Galatia (Ancyra)','TR','TUR',1863,0,0
'Gambia','GM','GMB',1864,13.443182,-15.310139
'GAMBIA','GM','GMB',1865,13.443182,-15.310139
'GAMBIA, THE','GM','GMB',1866,13.443182,-15.310139
'GAMBIA, THE','GM','GMB',1867,13.443182,-15.310139
'Gambier','PF','PYF',1868,40.3756194,-82.3971038
'GB','GB','GBR',1869,55.378051,-3.435973
'GBR','GB','GBR',1870,42.1837633,-73.4071968
'GEO','GE','GEO',1871,38.881943,-83.882774
'Georgia','GE','GEO',1872,42.315407,43.356892
'Georgia','GE','GEO',1873,42.315407,43.356892
'Georgia SSR','GE','GEO',1874,28.6381347,-106.1029386
'Georgian SSR','GE','GEO',1875,0,0
'GER','DE','DEU',1876,50.8850706,12.0807203
'Germany','DE','DEU',1877,51.165691,10.451526
'Germany','DE','DEU',1878,51.165691,10.451526
'Germany?','DE','DEU',1879,51.165691,10.451526
'GF','GF','GUF',1880,3.933889,-53.125782
'Ghana','GH','GHA',1881,7.946527,-1.023194
'GHANA','GH','GHA',1882,7.946527,-1.023194
'GHANA','GH','GHA',1883,7.946527,-1.023194
'GHANA','GH','GHA',1884,7.946527,-1.023194
'GHANA','GH','GHA',1885,7.946527,-1.023194
'Gold Coast','GH','GHA',1886,-28.0172605,153.4256987
'Gorgie','GE','GEO',1887,55.93632,-3.24084
'Gorgie','GE','GEO',1888,55.93632,-3.24084
'Gorgie','GE','GEO',1889,55.93632,-3.24084
'Grand Cayman','KY','CYM',1890,19.3221698,-81.2408689
'Grande Comore','KM','COM',1891,-11.7167338,43.3680788
'Grande-Bretagne','GB','GBR',1892,53.7190281,-2.0727839
'GRC','GR','GRC',1893,42.3217991,-83.2338732
'Grce','GR','GRC',1894,46.2958146,15.1256069
'Grcia','GR','GRC',1895,25.8092806,-100.5899619
'GREAT BRITAIN','GB','GBR',1896,55.378051,-3.435973
'Grecia','GR','GRC',1897,39.074208,21.824312
'GREECE','GR','GRC',1898,39.074208,21.824312
'Greece','GR','GRC',1899,39.074208,21.824312
'GRENADA','GD','GRD',1900,12.1165,-61.679
'Groenland','GL','GRL',1901,71.706936,-42.604303
'GT','GT','GTM',1902,15.783471,-90.230759
'GTM','GT','GTM',1903,-4.3460265,15.3456844
'GUADELOUPE','GP','GLP',1904,16.265,-61.551
'Guadeloupe','GP','GLP',1905,16.265,-61.551
'Guadeloupe','GP','GLP',1906,16.265,-61.551
'Guatemala','GT','GTM',1907,15.783471,-90.230759
'GUATEMALA','GT','GTM',1908,15.783471,-90.230759
'Guatemala','GT','GTM',1909,15.783471,-90.230759
'Guatemala / Honduras','GT','GTM',1910,14.9311544,-92.261482
'Guiana','GY','GUY',1911,4.860416,-58.93018
'Guiana Francesa','GF','GUF',1912,3.933889,-53.125782
'Guiana Inglesa','GY','GUY',1913,-23.9743749,-46.3072443
'Guiana Ingleza','GY','GUY',1914,-23.9743749,-46.3072443
'Guianas','GY','GUY',1915,-22.85349,-43.4932268
'Guin Portuguesa','GW','GNB',1916,-23.2796693,-51.1745418
'Guine','GN','GIN',1917,9.945587,-9.696645
'Guine franaise','GN','GIN',1918,0,0
'Guine quatoriale','GQ','GNQ',1919,1.650801,10.267895
'GUINEA','GN','GIN',1920,9.945587,-9.696645
'GUINEA','GN','GIN',1921,9.945587,-9.696645
'GUINEA','GN','GIN',1922,9.945587,-9.696645
'GUINEA','GN','GIN',1923,9.945587,-9.696645
'GUINEA','GN','GIN',1924,9.945587,-9.696645
'GUINEA','GN','GIN',1925,9.945587,-9.696645
'Guinea ?','GN','GIN',1926,9.945587,-9.696645
'GUINEA-BISSAU','GW','GNB',1927,11.803749,-15.180413
'GUINEA-BISSAU','GW','GNB',1928,11.803749,-15.180413
'GUINEA-BISSAU','GW','GNB',1929,11.803749,-15.180413
'Guinea-Bissau','GW','GNB',1930,11.803749,-15.180413
'Guyana','GY','GUY',1931,4.860416,-58.93018
'Guyana / Suriname','GY','GUY',1932,5.7802582,-57.1714354
'Guyana Holandesa','SR','SUR',1933,-16.7462567,-43.8502975
'Guyana Inglesa','GF','GUF',1934,-23.9743749,-46.3072443
'Guyane','GY','GUY',1935,3.933889,-53.125782
'Guyane','GY','GUY',1936,3.933889,-53.125782
'Guyane britannique','GY','GUY',1937,4.7497222,-52.315
'Guyane franaise','GF','GUF',1938,3.933889,-53.125782
'Guyane francaise','GF','GUF',1939,3.933889,-53.125782
'HAITI','HT','HTI',1940,18.971187,-72.285215
'Haiti','HT','HTI',1941,18.971187,-72.285215
'Haute Volta','BF','BFA',1942,42.013371,9.4093
'Haute-Guine','GN','GIN',1943,47.3585953,5.8981862
'Haute-Volta [Burkina]','BF','BFA',1944,12.25292,-2.3613119
'Haut-Oubangui','CF','CAF',1945,0,0
'Hawaii','US','USA',1946,19.8967662,-155.5827818
'Hawaii','US','USA',1947,19.8967662,-155.5827818
'hawaii','US','USA',1948,19.8967662,-155.5827818
'Hawaiian Islands','US','USA',1949,20.8760986,-156.4605458
'Himalaya','IN','IND',1950,39.7132738,-105.2122361
'HND','NL','NLD',1951,35.5493932,139.7798386
'Holanda','NL','NLD',1952,52.132633,5.291266
'HONDURAS','HN','HND',1953,15.199999,-86.241905
'HONDURAS','HN','HND',1954,15.199999,-86.241905
'HONDURAS BRITNICAS','BZ','BLZ',1955,0,0
'Hong Kong','HK','HKG',1956,22.396428,114.109497
'Hong Kong','HK','HKG',1957,22.396428,114.109497
'Hong Kong','HK','HKG',1958,22.396428,114.109497
'HONGKONG','HK','HKG',1959,22.396428,114.109497
'Hongrie','HU','HUN',1960,47.162494,19.503304
'HRV','HR','HRV',1961,8.7236029,77.029234
'HTI','HT','HTI',1962,30.3047951,31.7573017
'HUN','HU','HUN',1963,24.0271806,121.6181374
'Hungary','HU','HUN',1964,47.162494,19.503304
'Hungria','HU','HUN',1965,47.162494,19.503304
'Ile Bourbon [Runion)','RE','REU',1966,-21.115141,55.536384
'Ile Carolines','KI','KIR',1967,-32.2733333,133.3677778
'Ile de France [Maurice]','MU','MUS',1968,-20.3,57.5833333
'IND','IN','IND',1969,40.2671941,-86.1349019
'Inde','IN','IND',1970,20.593684,78.96288
'Inde','IN','IND',1971,20.593684,78.96288
'Inde','IN','IND',1972,20.593684,78.96288
'Inde orientale','IN','IND',1973,28.5579522,77.2080862
'Indes','IN','IND',1974,45.736638,-0.506999
'Indes [Bangladesh]','BD','BGD',1975,21.1898675,-101.6555611
'India','IN','IND',1976,20.593684,78.96288
'India','IN','IND',1977,20.593684,78.96288
'India','IN','IND',1978,20.593684,78.96288
'INDIA','IN','IND',1979,20.593684,78.96288
'India (NW India)','IN','IND',1980,20.593684,78.96288
'India / Pakistan','IN','IND',1981,28.1216617,71.9293463
'India ? Chamba','IN','IND',1982,31.7612361,76.4103088
'India ? NW Himalaya','IN','IND',1983,30.7151592,76.7920681
'India ? Pakistan ? Punjab','IN','IND',1984,31.1471305,75.3412179
'India ? Tibet ?','IN','IND',1985,29.646923,91.117212
'India orientalis','IN','IND',1986,0,0
'indochine','VN','VNM',1987,47.4066087,0.7047406
'indochine','VN','VNM',1988,47.4066087,0.7047406
'Indochine [Vietnam]','VN','VNM',1989,16.0699826,108.2243363
'Indonesia','ID','IDN',1990,-0.789275,113.921327
'Indonesia','ID','IDN',1991,-0.789275,113.921327
'Indonesia / Papua New Guinea','ID','IDN',1992,-4.269928,138.0803529
'Inglaterra','GB','GBR',1993,52.3555177,-1.1743197
'Iran','IR','IRN',1994,32.427908,53.688046
'Iran','IR','IRN',1995,32.427908,53.688046
'Iran','IR','IRN',1996,32.427908,53.688046
'Iran ?','IR','IRN',1997,32.427908,53.688046
'Iran ? Dagestan','IR','IRN',1998,42.1431886,47.0949799
'Iran ? Euphratem ?','IR','IRN',1999,29.9576843,48.5430908
'IRAN, ISLAMIC REPUBLIC OF','IR','IRN',2000,38.4703541,47.0571193
'Iran, islamic republic of','IR','IRN',2001,38.4703541,47.0571193
'IRAQ','IQ','IRQ',2002,33.223191,43.679291
'Iraq/Persia [Iran]','IQ','IRQ',2003,25.2275086,55.1717343
'Ireland','IE','IRL',2004,53.41291,-8.24389
'Irian Jaya','ID','IDN',2005,-1.3361154,133.1747162
'IRL','IE','IRL',2006,49.0036314,12.1676282
'IRN','IR','IRN',2007,33.2957743,-111.79656
'IRQ','IQ','IRQ',2008,28.2633333,48.1155556
'Isle de Bourbon','RE','REU',2009,44.7547128,-0.4596239
'Isle de France','MU','MUS',2010,45.805176,1.226734
'Isle de Timor','ID','IDN',2011,33.5896577,-7.6763013
'ISR','IL','ISR',2012,40.1096456,-88.2213868
'Israel','IL','ISR',2013,31.046051,34.851612
'Israel','IL','ISR',2014,31.046051,34.851612
'Israel / Jordan','IL','ISR',2015,31.046051,34.851612
'Israel; Kisalon (Kesalon)','IL','ISR',2016,0,0
'ITA','IT','ITA',2017,-25.501405,-57.3666027
'Italia','IT','ITA',2018,41.87194,12.56738
'Italie','IT','ITA',2019,41.87194,12.56738
'Italy','IT','ITA',2020,41.87194,12.56738
'Italy','IT','ITA',2021,41.87194,12.56738
'Italy','IT','ITA',2022,41.87194,12.56738
'Italy','IT','ITA',2023,41.87194,12.56738
'Italy or Great Britain','IT','ITA',2024,55.378051,-3.435973
'Italy?','IT','ITA',2025,41.87194,12.56738
'Itlia','IT','ITA',2026,41.87194,12.56738
'Ivory Coast','CI','CIV',2027,7.539989,-5.54708
'Ivory Coast','CI','CIV',2028,7.539989,-5.54708
'IVORY COAST','CI','CIV',2029,7.539989,-5.54708
'IVORY COAST, THE','CI','CIV',2030,7.539989,-5.54708
'JAMAICA','JM','JAM',2031,40.702677,-73.7889689
'Jamaica','JM','JAM',2032,40.702677,-73.7889689
'Jamaque','JM','JAM',2033,0,0
'Japan','JP','JPN',2034,36.204824,138.252924
'Japan','JP','JPN',2035,36.204824,138.252924
'JAPO','JP','JPN',2036,36.204824,138.252924
'Japon','JP','JPN',2037,36.204824,138.252924
'Japonia','JP','JPN',2038,36.204824,138.252924
'JM','JM','JAM',2039,18.109581,-77.297508
'JOR','JO','JOR',2040,18.2825454,73.3679223
'JORDAN','JO','JOR',2041,30.585164,36.238414
'Jordan','JO','JOR',2042,30.585164,36.238414
'JPN','JP','JPN',2043,3.19466,101.73153
'Jugoslavia','ME','MNE',2044,-36.7810028,-73.11038
'Kalmyk ASSR','RU','RUS',2045,46.5676845,45.7731614
'Kamerun','CM','CMR',2046,7.369722,12.354722
'Kamerun (German)','CM','CMR',2047,3.8765366,11.5156751
'Kaokoveld','NA','NAM',2048,0,0
'Kasachstan','RU','RUS',2049,48.019573,66.923684
'Kashmir','RU','RUS',2050,33.778175,76.5761714
'Kaukasus','GE','GEO',2051,42.6366153,44.157621
'KAZ','KZ','KAZ',2052,35.980492,139.7482586
'Kazakh SSR','RU','RUS',2053,42.093213,68.0134705
'Kazakhstan','KZ','KAZ',2054,48.019573,66.923684
'Kazakhstan','KZ','KAZ',2055,48.019573,66.923684
'Kazakskaya SSR','RU','RUS',2056,40.755319,72.3699426
'Kelantan','MY','MYS',2057,6.1253969,102.238071
'KEN','KE','KEN',2058,-0.023559,37.906193
'KENYA','KE','KEN',2059,-0.023559,37.906193
'KENYA','KE','KEN',2060,-0.023559,37.906193
'KENYA','KE','KEN',2061,-0.023559,37.906193
'Kenya','KE','KEN',2062,-0.023559,37.906193
'Kenya / Tanzania','KE','KEN',2063,-1.3478037,34.3723165
'Kenya ?','KE','KEN',2064,-0.023559,37.906193
'Kenya British','KE','KEN',2065,-1.2980902,36.81354
'KGZ','KG','KGZ',2066,61.4546476,-142.3806576
'Kirghiz ASSR','KG','KGZ',2067,0,0
'Kirghiz SSR','KG','KGZ',2068,42.093213,68.0134705
'Kirgiziya','KG','KGZ',2069,41.20438,74.766098
'Kirgizstan','KG','KGZ',2070,41.20438,74.766098
'Korea, Democratic People\'\'\'\'s Republic of','KP','PRK',2071,13.7329019,100.6176394
'Korea, Democratic People\'\'\'\'s Republic of','KP','PRK',2072,13.7329019,100.6176394
'Korea, North','KP','PRK',2073,35.907757,127.766922
'Korea, Republic of','KR','KOR',2074,37.984654,23.760616
'Korea, Republic of','KR','KOR',2075,37.984654,23.760616
'Korea, South','KR','KOR',2076,35.907757,127.766922
'KWT','KW','KWT',2077,60.790315,-161.443384
'Kyrghyzstan','KG','KGZ',2078,41.20438,74.766098
'Kyrgystan','KG','KGZ',2079,41.20438,74.766098
'Kyrgyzskaia SSR','KG','KGZ',2080,0,0
'Kyrgyzstan','KG','KGZ',2081,41.20438,74.766098
'Kyrgyzstan','KG','KGZ',2082,41.20438,74.766098
'Kyrgyzstan','KG','KGZ',2083,41.20438,74.766098
'Kyrgyztan','KG','KGZ',2084,41.20438,74.766098
'Kyrgyztan','KG','KGZ',2085,41.20438,74.766098
'La Runion','RE','REU',2086,-21.115141,55.536384
'Lao PDR','LA','LAO',2087,16.7893529,96.1396097
'LAO PEOPLE\'\'\'\'S DEMOCRATIC R','LA','LAO',2088,13.7692191,100.5960804
'Lao People\'\'\'\'s Democratic Republic','LA','LAO',2089,19.85627,102.495496
'Lao People\'\'\'\'s Democratic Republic','LA','LAO',2090,19.85627,102.495496
'Laos','LA','LAO',2091,19.85627,102.495496
'Laos','LA','LAO',2092,19.85627,102.495496
'LAOS','LA','LAO',2093,19.85627,102.495496
'Laos / Vietnam','LA','LAO',2094,20.4309899,104.6471221
'LBN','LB','LBN',2095,25.5742865,76.2081674
'LBY','LY','LBY',2096,50.3855556,109.8722222
'LEB','LB','LBN',2097,25.4825492,85.778418
'Lebanon','LB','LBN',2098,39.4353373,-84.2029922
'Lebanon','LB','LBN',2099,39.4353373,-84.2029922
'Lebanon ? Syria? Anti-Lebanon','LB','LBN',2100,34,36.5
'Lebanon.','LB','LBN',2101,39.4353373,-84.2029922
'LESOTHO','LS','LSO',2102,-29.609988,28.233608
'Lesotho','LS','LSO',2103,-29.609988,28.233608
'Liban','LB','LBN',2104,33.854721,35.862285
'LIBERIA','LR','LBR',2105,6.428055,-9.429499
'LIBERIA','LR','LBR',2106,6.428055,-9.429499
'Libria','LI','LIE',2107,6.428055,-9.429499
'Libya','LY','LBY',2108,26.3351,17.228331
'Libya','LY','LBY',2109,26.3351,17.228331
'Libya','LY','LBY',2110,26.3351,17.228331
'LIBYAN ARAB JAMAHIRIYA','LY','LBY',2111,26.3351,17.228331
'Libyan Arab Jamahiriya','LY','LBY',2112,26.3351,17.228331
'Libye','LY','LBY',2113,26.3351,17.228331
'LIMA','PE','PER',2114,40.742551,-84.1052256
'LIT','LT','LTU',2115,55.169438,23.881275
'LK','LK','LKA',2116,7.873054,80.771797
'LTU','LT','LTU',2117,42.4755011,-83.2497967
'Luxembourg','LU','LUX',2118,49.815273,6.129583
'LVA','LV','LVA',2119,50.781154,14.7878273
'Lybia','LY','LBY',2120,26.3351,17.228331
'Lycia','TR','TUR',2121,22.1603193,-101.0431252
'Macao','MO','MAC',2122,22.198745,113.543873
'Macedonia','MK','MKD',2123,41.608635,21.745275
'Macedonia','MK','MKD',2124,41.608635,21.745275
'Macedonia (FYROM)','MK','MKD',2125,41.608635,21.745275
'Macedonia, The Former Yugoslav Republic of','MK','MKD',2126,0,0
'Madagascar','MG','MDG',2127,-18.766947,46.869107
'Madagascar','MG','MDG',2128,-18.766947,46.869107
'MADAGASCAR','MG','MDG',2129,-18.766947,46.869107
'MADAGASCAR','MG','MDG',2130,-18.766947,46.869107
'Madeira (Portugal)','PT','PRT',2131,32.7607074,-16.9594723
'Madre','PT','PRT',2132,48.476453,-0.380454
'Malagasy','MG','MDG',2133,-1.1818783,36.9345892
'Malaisie','MY','MYS',2134,4.210484,101.975766
'MALAWI','MW','MWI',2135,-13.254308,34.301525
'MALAWI','MW','MWI',2136,-13.254308,34.301525
'Malawi','MW','MWI',2137,-13.254308,34.301525
'MALAWI','MW','MWI',2138,-13.254308,34.301525
'Malawi','MW','MWI',2139,-13.254308,34.301525
'Malawi / Mozambique','MW','MWI',2140,-11.6701147,34.6856509
'Malaya','MY','MYS',2141,46.568114,4.6824329
'Malaysia','MY','MYS',2142,4.210484,101.975766
'Malaysia','MY','MYS',2143,4.210484,101.975766
'Malaysia','MY','MYS',2144,4.210484,101.975766
'Malaysia','MY','MYS',2145,4.210484,101.975766
'Malaysia/Malaya','MY','MYS',2146,3.1216966,101.6530375
'Malaysia/Sabah','MY','MYS',2147,5.9788398,116.0753199
'Malaysia/Sarawak','MY','MYS',2148,1.5532783,110.3592127
'MALI','ML','MLI',2149,17.570692,-3.996166
'Mali','ML','MLI',2150,17.570692,-3.996166
'MALI','ML','MLI',2151,17.570692,-3.996166
'MALI','ML','MLI',2152,17.570692,-3.996166
'Mali / Senegal','ML','MLI',2153,14.61537,-16.685444
'Malsia','MY','MYS',2154,4.210484,101.975766
'MAR','MA','MAR',2155,37.6092461,61.8643252
'Mariana Islands','MP','MNP',2156,16.616667,145.616667
'Maroc','MA','MAR',2157,31.791702,-7.09262
'Maroc oriental','MA','MAR',2158,33.4198879,-2.1450245
'Marquesas Islands','PF','PYF',2159,-9.7812162,-139.0817124
'Marquises','PF','PYF',2160,44.3373853,5.0970394
'Martinique','MQ','MTQ',2161,14.641528,-61.024174
'Martinique','MQ','MTQ',2162,14.641528,-61.024174
'MAURITANIA','MR','MRT',2163,21.00789,-10.940835
'Mauritius','MU','MUS',2164,-20.348404,57.552152
'MAURITIUS','MU','MUS',2165,-20.348404,57.552152
'Mesapotamia','IQ','IRQ',2166,34.5337527,43.483738
'Mesepotamia','IQ','IRQ',2167,34.5337527,43.483738
'Mesopotamia','IQ','IRQ',2168,34.5337527,43.483738
'Mesopotania','IQ','IRQ',2169,34.5337527,43.483738
'MEX','MX','MEX',2170,19.4968732,-99.7232673
'MEXCIO','MX','MEX',2171,39.1730652,-91.887271
'MEXIC0','MX','MEX',2172,19.2464696,-99.1013498
'Mexico','MX','MEX',2173,39.1730652,-91.887271
'Mexico','MX','MEX',2174,39.1730652,-91.887271
'MEXICO','MX','MEX',2175,39.1730652,-91.887271
'Mexico / United States','MX','MEX',2176,39.60183,-76.94416
'MEXICO ?','MX','MEX',2177,39.1730652,-91.887271
'Mexico and Guatemala','MX','MEX',2178,14.6349149,-90.5068824
'Mexico/Central America','MX','MEX',2179,12.7690126,-85.6023643
'MEXICO?','MX','MEX',2180,39.1730652,-91.887271
'Mexique','MX','MEX',2181,23.634501,-102.552784
'Micronesia','FM','FSM',2182,6.8874813,158.2150717
'Missouri','US','USA',2183,37.9642529,-91.8318334
'MKD','MK','MKD',2184,43.0000428,141.3246161
'MLI','ML','MLI',2185,41.4539937,-90.506478
'MNE','ME','MNE',2186,50.0222367,14.4254409
'MNG','MN','MNG',2187,-12.05492,134.23227
'Moambique','MZ','MOZ',2188,-18.665695,35.529562
'Moldavia','MD','MDA',2189,47.411631,28.369885
'Moldavian SSR','MD','MDA',2190,0,0
'Moldova, Republic of','MD','MDA',2191,47.0240102,28.8313156
'MONGOLIA','MN','MNG',2192,46.862496,103.846656
'Mongolia','MN','MNG',2193,46.862496,103.846656
'Montenegro','ME','MNE',2194,42.708678,19.37439
'Montenegro','ME','MNE',2195,42.708678,19.37439
'Montenegro','ME','MNE',2196,42.708678,19.37439
'Montserrat','MS','MSR',2197,16.742498,-62.187366
'Morocco','MA','MAR',2198,31.791702,-7.09262
'Morocco','MA','MAR',2199,31.791702,-7.09262
'MOZAMBIQUE','MZ','MOZ',2200,-18.665695,35.529562
'MOZAMBIQUE','MZ','MOZ',2201,-18.665695,35.529562
'MOZAMBIQUE','MZ','MOZ',2202,-18.665695,35.529562
'MOZAMBIQUE','MZ','MOZ',2203,-18.665695,35.529562
'Mozambique','MZ','MOZ',2204,-18.665695,35.529562
'mx','MX','MEX',2205,23.634501,-102.552784
'MXICO','MX','MEX',2206,39.1730652,-91.887271
'Myanmar','MM','MMR',2207,21.913965,95.956223
'NA','NA','NAM',2208,-22.95764,18.49041
'NAMIBIA','NA','NAM',2209,-22.95764,18.49041
'NAMIBIA','NA','NAM',2210,-22.95764,18.49041
'NAMIBIA','NA','NAM',2211,-22.95764,18.49041
'NAMIBIA','NA','NAM',2212,-22.95764,18.49041
'Namibia','NA','NAM',2213,-22.95764,18.49041
'Navassa Island','US','USA',2214,18.4100689,-75.0114612
'Nepal','NP','NPL',2215,28.394857,84.124008
'Nepal','NP','NPL',2216,28.394857,84.124008
'Netherlands','NL','NLD',2217,52.132633,5.291266
'Netherlands','NL','NLD',2218,52.132633,5.291266
'Netherlands','NL','NLD',2219,52.132633,5.291266
'Netherlands','NL','NLD',2220,52.132633,5.291266
'Nevis','KN','KNA',2221,17.1553558,-62.5796026
'New Caledonia','NC','NCL',2222,-20.904305,165.618042
'New Caledonia','NC','NCL',2223,-20.904305,165.618042
'New Guinea','PG','PNG',2224,-4.185235,136.8252838
'New Zealand','NZ','NZL',2225,-40.900557,174.885971
'New Zealand','NZ','NZL',2226,-40.900557,174.885971
'NGA','NG','NGA',2227,61.52401,105.318756
'NI','NI','NIC',2228,12.865416,-85.207229
'NIC','NI','NIC',2229,49.1254378,13.6204607
'NICARAGUA','NI','NIC',2230,12.865416,-85.207229
'Nicargua','NI','NIC',2231,12.865416,-85.207229
'NIGER','NE','NER',2232,17.607789,8.081666
'NIGER','NE','NER',2233,17.607789,8.081666
'NIGER','NE','NER',2234,17.607789,8.081666
'NIGER','NE','NER',2235,17.607789,8.081666
'Niger','NE','NER',2236,17.607789,8.081666
'NIGERIA','NG','NGA',2237,9.081999,8.675277
'NIGERIA','NG','NGA',2238,9.081999,8.675277
'Nigeria','NG','NGA',2239,9.081999,8.675277
'NIGERIA','NG','NGA',2240,9.081999,8.675277
'NIGERIA','NG','NGA',2241,9.081999,8.675277
'NLD','NL','NLD',2242,21.9644671,96.0842756
'NOR','NO','NOR',2243,54.4640794,10.0019815
'NORTH BOLIVIA','BO','BOL',2244,-16.290154,-63.588653
'North Korea','KP','PRK',2245,40.339852,127.510093
'North Korea','KP','PRK',2246,40.339852,127.510093
'North Korea','KP','PRK',2247,40.339852,127.510093
'North Ossetia','RU','RUS',2248,43.0451302,44.2870972
'North Yemen','YE','YEM',2249,15.552727,48.516388
'Noruega','NO','NOR',2250,60.472024,8.468946
'Norway','NO','NOR',2251,60.472024,8.468946
'Norway','NO','NOR',2252,60.472024,8.468946
'NPL','NP','NPL',2253,-39.009702,174.179032
'Nubia','SD','SDN',2254,19.4743507,-99.1821349
'NZL','NZ','NZL',2255,52.9234208,-1.5084923
'OMAN','OM','OMN',2256,21.512583,55.923255
'OMN','OM','OMN',2257,29.301111,-81.113892
'P s e elatius','PS','PSE',2258,0,0
'PAK','PK','PAK',2259,17.3538028,100.722468
'PAKISTAN','PK','PAK',2260,30.375321,69.345116
'Pakistan','PK','PAK',2261,30.375321,69.345116
'Pakistan ? India ? Darkot','PK','PAK',2262,33.8715157,73.1600377
'Palau Islands','PW','PLW',2263,7.4863889,134.5533333
'Palestina','PS','PSE',2264,31.952162,35.233154
'Palestine','PS','PSE',2265,31.7621153,-95.6307891
'Palestine (West Bank)','PS','PSE',2266,31.9465703,35.3027226
'Palestinian Territory','PS','PSE',2267,31.9465703,35.3027226
'Palestinian Territory, Occupied','PS','PSE',2268,0,0
'PAN','PA','PAN',2269,8.537981,-80.782127
'PANAM','PA','PAN',2270,22.5650365,74.1621634
'Panama','PA','PAN',2271,8.537981,-80.782127
'Panama','PA','PAN',2272,8.537981,-80.782127
'PANAMA','PA','PAN',2273,8.537981,-80.782127
'Papua New Guinea','PG','PNG',2274,-6.314993,143.95555
'Papua New Guinea','PG','PNG',2275,-6.314993,143.95555
'PARAGUAI','PY','PRY',2276,-23.442503,-58.443832
'PARAGUAY','PY','PRY',2277,-23.442503,-58.443832
'Paraguay','PY','PRY',2278,-23.442503,-58.443832
'Paraguay','PY','PRY',2279,-23.442503,-58.443832
'PARAGUAY?','PY','PRY',2280,-23.442503,-58.443832
'Paris','FR','FRA',2281,38.2097987,-84.2529869
'PE','PE','PER',2282,-9.189967,-75.015152
'PER','PE','PER',2283,47.6111604,17.8049746
'Persia','IR','IRN',2284,32.427908,53.688046
'Persia [Iran]','IR','IRN',2285,32.427908,53.688046
'Peru','PE','PER',2286,-9.189967,-75.015152
'PERU','PE','PER',2287,-9.189967,-75.015152
'Peru/Chile','PE','PER',2288,-33.5389815,-70.5860382
'PERU?','PE','PER',2289,-9.189967,-75.015152
'PEU','PE','PER',2290,-2.8246495,119.3018011
'PHILIPPINES','PH','PHL',2291,12.879721,121.774017
'Phillipines','PH','PHL',2292,12.879721,121.774017
'Pitcairn Islands','PN','PCN',2293,-24.3767452,-128.3242353
'PNG','PG','PNG',2294,-6.314993,143.95555
'POL','PL','POL',2295,50.0589878,16.3058764
'Poland','PL','POL',2296,51.919438,19.145136
'Poland','PL','POL',2297,51.919438,19.145136
'Poland (Krolestwa Polskiego)','PL','POL',2298,0,0
'Porto Rico','PR','PRI',2299,18.220833,-66.590149
'PORTUGAL','PT','PRT',2300,39.399872,-8.224454
'Portugal','PT','PRT',2301,39.399872,-8.224454
'PR','PR','PRI',2302,18.220833,-66.590149
'PRT','PT','PRT',2303,34.5353383,135.4822418
'Puerto Rico','PR','PRI',2304,18.220833,-66.590149
'Regio Autonoma dos Acores','PT','PRT',2305,37.7412488,-25.6755944
'REP. DA GUIANA','GY','GUY',2306,0,0
'REP. DE GUIANA','GY','GUY',2307,-33.3747528,-70.6306232
'Repblica Dominicana','DO','DOM',2308,15.414999,-61.370976
'Republic of Armenia','AM','ARM',2309,40.069099,45.038189
'Republic of Congo','CG','COG',2310,-0.228021,15.827659
'Republic of Palau','PW','PLW',2311,7.51498,134.58252
'Republic of Serbia','RS','SRB',2312,44.016521,21.005859
'Republic of Yemen','YE','YEM',2313,15.552727,48.516388
'Runion','RE','REU',2314,35.8859373,-82.7731965
'Reunion Islands','RE','REU',2315,-21.1,55.6
'Rhodes','ZW','ZWE',2316,48.2791291,-114.4743059
'Rhodesia','ZW','ZWE',2317,-19.015438,29.154857
'RHODESIA [Zimbabwe]','ZW','ZWE',2318,-19.015438,29.154857
'ROM','RO','ROU',2319,41.9027835,12.4963655
'Romania','RO','ROU',2320,45.943161,24.96676
'Romania','RO','ROU',2321,45.943161,24.96676
'Romenia','RO','ROU',2322,45.943161,24.96676
'Romnia','RO','ROU',2323,45.943161,24.96676
'RS','RU','RUS',2324,-30.0346316,-51.2176986
'RSA','RU','RUS',2325,30.254528,-97.8453585
'Rssia','RU','RUS',2326,61.52401,105.318756
'Runion','RE','REU',2327,35.8859373,-82.7731965
'Runion','RE','REU',2328,35.8859373,-82.7731965
'Runion','RE','REU',2329,35.8859373,-82.7731965
'RUS','RU','RUS',2330,43.8355713,25.9656554
'Rusia','RU','RUS',2331,61.52401,105.318756
'Russia','RU','RUS',2332,61.52401,105.318756
'Russia','RU','RUS',2333,61.52401,105.318756
'Russia','RU','RUS',2334,61.52401,105.318756
'Russia','RU','RUS',2335,61.52401,105.318756
'Russia','RU','RUS',2336,61.52401,105.318756
'Russia','RU','RUS',2337,61.52401,105.318756
'Russia','RU','RUS',2338,61.52401,105.318756
'Russia','RU','RUS',2339,61.52401,105.318756
'Russian','RU','RUS',2340,38.4721146,-123.0260769
'RUSSIAN FEDERATION','RU','RUS',2341,61.52401,105.318756
'Russian Federation','RU','RUS',2342,61.52401,105.318756
'Russie','RU','RUS',2343,61.52401,105.318756
'Russland','RU','RUS',2344,61.52401,105.318756
'RWANDA','RW','RWA',2345,-1.940278,29.873888
'RWANDA','RW','RWA',2346,-1.940278,29.873888
'RWANDA','RW','RWA',2347,-1.940278,29.873888
'Rwanda','RW','RWA',2348,-1.940278,29.873888
'Saint Helena','SH','SHN',2349,34.5141813,-77.9167457
'Saint Kitts','KN','KNA',2350,17.3433796,-62.7559043
'Saint Kitts & Nevis','KN','KNA',2351,17.3433796,-62.7559043
'SAINT KITTS AND NEVIS','KN','KNA',2352,17.357822,-62.782998
'SAINT LUCIA','LC','LCA',2353,13.909444,-60.978893
'Saint Martin (France)','MF','MAF',2354,45.660171,4.558601
'Saint Vincent & Grenadine','VC','VCT',2355,45.7515707,7.6420804
'Saint Vincent & the Grenadines','VC','VCT',2356,45.7515707,7.6420804
'SAINT VINCENT AND THE GRE','VC','VCT',2357,46.486342,-1.294861
'SAINT VINCENT AND THE GRENADINES','VC','VCT',2358,13.2528179,-61.1971628
'Saint-Martin','MF','MAF',2359,18.04248,-63.05483
'Saint-Vincent','VC','VCT',2360,45.7515707,7.6420804
'SAMOA','WS','WSM',2361,-13.759029,-172.104629
'Samoa','WS','WSM',2362,-13.759029,-172.104629
'Sao Tom & Principe','ST','STP',2363,-7.493517,-35.300905
'SAO TOME AND PRINCIPE','ST','STP',2364,0.18636,6.613081
'SAO TOME AND PRINCIPE','ST','STP',2365,0.18636,6.613081
'Sao-Tom et Principe','ST','STP',2366,0.18636,6.613081
'SAU','SA','SAU',2367,44.646037,5.0636018
'Saudi','SA','SAU',2368,30.4089704,79.052853
'Saudi arabia','SA','SAU',2369,23.885942,45.079162
'Scotland','GB','GBR',2370,56.4906712,-4.2026458
'Scotland ?','GB','GBR',2371,56.4906712,-4.2026458
'SDN','SD','SDN',2372,-7.7333009,109.9415915
'SEN','SN','SEN',2373,31.5903776,-106.3926428
'SENEGAL','SN','SEN',2374,14.497401,-14.452362
'SENEGAL','SN','SEN',2375,14.497401,-14.452362
'Serbia','RS','SRB',2376,44.016521,21.005859
'Serbia','RS','SRB',2377,44.016521,21.005859
'Serbia','RS','SRB',2378,44.016521,21.005859
'SIAM [Thailand]','TH','THA',2379,15.870032,100.992541
'Sicily','IT','ITA',2380,37.5999938,14.0153557
'SIERRA LEONE','SL','SLE',2381,8.460555,-11.779889
'SIERRA LEONE','SL','SLE',2382,8.460555,-11.779889
'SIERRA LEONE','SL','SLE',2383,8.460555,-11.779889
'Sikkim','IN','IND',2384,27.5329718,88.5122178
'Singapore','SG','SGP',2385,1.352083,103.819836
'Singapura','SG','SGP',2386,1.352083,103.819836
'Sint Maarten','SX','SMX',2387,18.08255,-63.052251
'SIRREA LEONE','SL','SLE',2388,8.460555,-11.779889
'SLO','SI','SVN',2389,35.2827524,-120.6596156
'Slovak Republic','SK','SVK',2390,51.5092555,-0.1929173
'Slovakia','SK','SVK',2391,48.669026,19.699024
'Slovakia','SK','SVK',2392,48.669026,19.699024
'Slovenia','SI','SVN',2393,46.151241,14.995463
'Slovenia','SI','SVN',2394,46.151241,14.995463
'Slovenia','SI','SVN',2395,46.151241,14.995463
'SLV','SV','SLV',2396,31.0842342,77.0661602
'So Tom e Prncipe','ST','STP',2397,-19.8394691,-43.9921898
'Solomon','SB','SLB',2398,38.9970821,-110.1599219
'Solomon Is.','SB','SLB',2399,14.349735,120.9291567
'Solomon Islands','SB','SLB',2400,-9.64571,160.156194
'SOMALIA','SO','SOM',2401,5.152149,46.199616
'Somalia','SO','SOM',2402,5.152149,46.199616
'Soudan','SD','SDN',2403,12.862807,30.217636
'Soudan','SD','SDN',2404,12.862807,30.217636
'Soudan','SD','SDN',2405,12.862807,30.217636
'Soudan franais','ML','MLI',2406,15.6014112,32.5362213
'Soudan Franais','ML','MLI',2407,15.6014112,32.5362213
'Soudan Mridional','ML','MLI',2408,0,0
'Soudan occidental','ML','MLI',2409,12.8463561,23.0011989
'Soudan Saharien','ML','MLI',2410,23.4162027,25.66283
'South Africa','ZA','ZAF',2411,-30.559482,22.937506
'South Africa','ZA','ZAF',2412,-30.559482,22.937506
'South Georgia & the South Sandwich Is.','GS','SGS',2413,42.315407,43.356892
'South Georgia and Sandwich','GS','SGS',2414,41.7193512,-70.4923687
'South Kazakhstan','KZ','KAZ',2415,48.019573,66.923684
'South Korea','KR','KOR',2416,35.907757,127.766922
'South Korea','KR','KOR',2417,35.907757,127.766922
'South Korea','KR','KOR',2418,35.907757,127.766922
'Soviet Union','RU','RUS',2419,51.2206431,51.3635194
'Soviet Union (Former)','RU','RUS',2420,0,0
'Spain','ES','ESP',2421,40.463667,-3.74922
'Spain','ES','ESP',2422,40.463667,-3.74922
'Sri Lanka','LK','LKA',2423,7.873054,80.771797
'St Helena','SH','SHN',2424,34.5141813,-77.9167457
'St. Christopher-Nevis','KN','KNA',2425,46.867721,-94.9263928
'St. Helena','SH','SHN',2426,34.5141813,-77.9167457
'St. Helena Islands','SH','SHN',2427,-15.95,-5.7
'St. Kitts and Nevis','KN','KNA',2428,17.357822,-62.782998
'St. Lucia','LC','LCA',2429,13.909444,-60.978893
'St. Martin/Sint Maarten','MF','MAF',2430,18.063853,-63.0565926
'St. Thomas','VI','VIR',2431,18.335361,-64.9534009
'St. Vincent & the Grenadines','VC','VCT',2432,51.5086803,-0.1287555
'St. Vincent and Grenadines','VC','VCT',2433,13.1555253,-61.2251329
'St. Vincent and the Grenadines','VC','VCT',2434,13.2528179,-61.1971628
'Sucia','SE','SWE',2435,47.6351346,-122.6540776
'SUDAN','SD','SDN',2436,12.862807,30.217636
'SUDAN','SD','SDN',2437,12.862807,30.217636
'SUDAN','SD','SDN',2438,12.862807,30.217636
'Sudan','SD','SDN',2439,12.862807,30.217636
'Sudan','SD','SDN',2440,12.862807,30.217636
'Sudan','SD','SDN',2441,12.862807,30.217636
'SUDAN','SD','SDN',2442,12.862807,30.217636
'SUDAN','SD','SDN',2443,12.862807,30.217636
'SUDAN','SD','SDN',2444,12.862807,30.217636
'SUDAN','SD','SDN',2445,12.862807,30.217636
'Surinam','SR','SUR',2446,3.919305,-56.027783
'SURINAME','SR','SUR',2447,3.919305,-56.027783
'SURINAME','SR','SUR',2448,3.919305,-56.027783
'SVK','SK','SVK',2449,53.7173302,56.0890349
'SWAZILAND','SZ','SWZ',2450,-26.522503,31.465866
'Swaziland','SZ','SWZ',2451,-26.522503,31.465866
'SWE','SE','SWE',2452,-7.9624414,112.5974716
'Sweden','SE','SWE',2453,60.128161,18.643501
'Switzerland','CH','CHE',2454,46.818188,8.227512
'SYR','SY','SYR',2455,49.90194,5.77738
'Syria','SY','SYR',2456,34.802075,38.996815
'Syria','SY','SYR',2457,34.802075,38.996815
'Syria','SY','SYR',2458,34.802075,38.996815
'Syria ? Turkey ?','SY','SYR',2459,36.2131913,37.1325055
'Syrian arab republic','SY','SYR',2460,34.802075,38.996815
'Syrian Arab Republic (Golan Heights)','SY','SYR',2461,34.802075,38.996815
'Syrie','SY','SYR',2462,34.802075,38.996815
'Tadzhikestan','TJ','TJK',2463,0,0
'Tadzhikiskaia SSP','TJ','TJK',2464,0,0
'Tadzhikistan','TJ','TJK',2465,0,0
'Tadzikistan','TJ','TJK',2466,38.861034,71.276093
'Tadzikistan ?','TJ','TJK',2467,38.861034,71.276093
'Tahiti','PF','PYF',2468,-17.679742,-149.406843
'Taiwan','TW','TWN',2469,23.69781,120.960515
'Taiwan','TW','TWN',2470,23.69781,120.960515
'Taiwan','TW','TWN',2471,23.69781,120.960515
'TAIWAN PROVINCE OF CHINA','TW','TWN',2472,22.6158015,120.7120023
'Taiwan, China','TW','TWN',2473,23.69781,120.960515
'TAIWAN, PROVINCE OF CHINA','TW','TWN',2474,22.6158015,120.7120023
'Taiwan,China','TW','TWN',2475,23.69781,120.960515
'Tajikistan','TJ','TJK',2476,38.861034,71.276093
'Tajikistan','TJ','TJK',2477,38.861034,71.276093
'Tajikistan','TJ','TJK',2478,38.861034,71.276093
'Tanganyika','CD','COD',2479,-6.2555679,29.5107708
'TANZANIA','TZ','TZA',2480,-6.369028,34.888822
'TANZANIA','TZ','TZA',2481,-6.369028,34.888822
'TANZANIA','TZ','TZA',2482,-6.369028,34.888822
'TANZANIA','TZ','TZA',2483,-6.369028,34.888822
'Tanzania','TZ','TZA',2484,-6.369028,34.888822
'Tanzania','TZ','TZA',2485,-6.369028,34.888822
'TANZANIA','TZ','TZA',2486,-6.369028,34.888822
'TANZANIA','TZ','TZA',2487,-6.369028,34.888822
'Tanzania','TZ','TZA',2488,-6.369028,34.888822
'TANZANIA, UNITED REPUBLIC','TZ','TZA',2489,-34.9478961,138.5812844
'Tauria','UA','UKR',2490,36.8058924,-93.3460193
'TENERIFE','ES','ESP',2491,28.4636296,-16.2518467
'TH','TH','THA',2492,15.870032,100.992541
'THA','TH','THA',2493,37.7217418,-122.4795441
'Thailand','TH','THA',2494,15.870032,100.992541
'Thailand','TH','THA',2495,15.870032,100.992541
'The Bahamas','BS','BHS',2496,25.03428,-77.39628
'The Kazakh Soviet','KZ','KAZ',2497,37.9103254,58.3684814
'The Netherlands','NL','NLD',2498,52.132633,5.291266
'Tibet','CN','CHN',2499,29.646923,91.117212
'TJK','TJ','TJK',2500,40.3044741,36.3629918
'TKM','TM','TKM',2501,12.6191276,80.0559233
'TOBAGO','TT','TTO',2502,50.8365312,0.4625516
'TOGO','TG','TGO',2503,8.619543,0.824782
'Togo','TG','TGO',2504,8.619543,0.824782
'TOGO','TG','TGO',2505,8.619543,0.824782
'TOGO','TG','TGO',2506,8.619543,0.824782
'TOGO','TG','TGO',2507,8.619543,0.824782
'TONGA','TO','TON',2508,-21.178986,-175.198242
'TONGA','TO','TON',2509,-21.178986,-175.198242
'Tonga Islands','TO','TON',2510,-20,-175
'Transcaucasus region','GE','GEO',2511,0,0
'Trinidad & Tobago','TT','TTO',2512,37.1694632,-104.5005407
'Trinidad and Tobago','TT','TTO',2513,10.691803,-61.222503
'Trinidad e Tobago','TT','TTO',2514,10.691803,-61.222503
'TUN','TN','TUN',2515,50.0843994,12.3004427
'Tunisia','TN','TUN',2516,33.886917,9.537499
'TUR','TR','TUR',2517,63.0924224,21.3403175
'Turcomania','TR','TUR',2518,40.4381931,50.0996076
'Turkestan','KZ','KAZ',2519,43.3050854,68.2346884
'Turkestan ?','KZ','KAZ',2520,43.3050854,68.2346884
'Turkestan ? Tian-Shan','KZ','KAZ',2521,0,0
'Turkestania','KZ','KAZ',2522,0,0
'Turkey','TR','TUR',2523,38.963745,35.243322
'Turkey','TR','TUR',2524,38.963745,35.243322
'Turkey ?','TR','TUR',2525,38.963745,35.243322
'Turkistan','KZ','KAZ',2526,43.3050854,68.2346884
'Turkmen SSR','KZ','KAZ',2527,0,0
'Turkmenia','TM','TKM',2528,37.9306766,58.3794774
'TURKMENISTAN','TM','TKM',2529,38.969719,59.556278
'Turkmenistan','TM','TKM',2530,38.969719,59.556278
'Turkmenistan','TM','TKM',2531,38.969719,59.556278
'Turkmenistan','TM','TKM',2532,38.969719,59.556278
'Turks','TC','TCA',2533,21.398056,-71.1575
'TURKS & CAICOS','TC','TCA',2534,21.398056,-71.1575
'Turmenistan','KZ','KAZ',2535,38.969719,59.556278
'U. R. S. S.','RU','RUS',2536,44.9007008,-92.6293711
'U. S. S.R.','RU','RUS',2537,30.5818693,-81.8100293
'U.R.S.S.','RU','RUS',2538,19.0660324,-98.2087476
'U.S. Outlying Islands','UM','UMI',2539,28.2021222,-177.3804525
'U.S. Virgin Is.','VI','VIR',2540,48.5290677,-92.7058696
'U.S. Virgin Islands','VI','VIR',2541,18.335765,-64.896335
'U.S.A.','US','USA',2542,37.09024,-95.712891
'U.S.AA.','US','USA',2543,30.4402058,-84.2800417
'U.S.R.R','RU','RUS',2544,38.9171845,-77.0464456
'U.S.S. R.(Transcaucasia)','RU','RUS',2545,0,0
'U.S.S.R','RU','RUS',2546,38.9171845,-77.0464456
'U.S.S.R','RU','RUS',2547,38.9171845,-77.0464456
'U.S.S.R','RU','RUS',2548,38.9171845,-77.0464456
'U.S.S.R','RU','RUS',2549,38.9171845,-77.0464456
'U.S.S.R','RU','RUS',2550,38.9171845,-77.0464456
'U.S.S.R','RU','RUS',2551,38.9171845,-77.0464456
'U.S.S.R','RU','RUS',2552,38.9171845,-77.0464456
'U.S.S.R','RU','RUS',2553,38.9171845,-77.0464456
'U.S.S.R.','RU','RUS',2554,38.9171845,-77.0464456
'U.S.S.R. [Belorussia]','RU','RUS',2555,55.2030012,30.2037729
'U.S.S.R. [Latvia]','RU','RUS',2556,0,0
'U.S.S.R. [Ukraine]','RU','RUS',2557,45.1907832,33.368257
'Ucraine','UA','UKR',2558,48.379433,31.16558
'UGA','UG','UGA',2559,6.548142,5.889753
'UGANDA','UG','UGA',2560,1.373333,32.290275
'UGANDA','UG','UGA',2561,1.373333,32.290275
'UGANDA','UG','UGA',2562,1.373333,32.290275
'Uganda','UG','UGA',2563,1.373333,32.290275
'UK','UA','UKR',2564,55.378051,-3.435973
'UKR','UA','UKR',2565,48.379433,31.16558
'Ukraine','UA','UKR',2566,48.379433,31.16558
'Ukrainian SSR','UA','UKR',2567,0,0
'Union of Soviet Socialist Republic','RU','RUS',2568,3.8944353,11.5152383
'Union of Soviet Socialist Republics','RU','RUS',2569,3.8944353,11.5152383
'United','US','USA',2570,18.5205342,73.8441446
'United Kingdom','GB','GBR',2571,55.378051,-3.435973
'United Kingdom','GB','GBR',2572,55.378051,-3.435973
'United Kingdom','GB','GBR',2573,55.378051,-3.435973
'United Kingdom Channel Islands','GB','GBR',2574,49.5,-2.5
'United Kingdom Edinburgh','GB','GBR',2575,55.953252,-3.188267
'United Kingdom England','GB','GBR',2576,52.3555177,-1.1743197
'United Kingdom Hertford','GB','GBR',2577,51.795756,-0.081157
'United Kingdom North of England and Scotland.','GB','GBR',2578,55.0854186,-3.3229168
'United Kingdom Scotland','GB','GBR',2579,56.4906712,-4.2026458
'United Kingdom Wales','GB','GBR',2580,52.1306607,-3.7837117
'United Kingdom[?]','GB','GBR',2581,55.378051,-3.435973
'United States','US','USA',2582,37.09024,-95.712891
'United States','US','USA',2583,37.09024,-95.712891
'United States','US','USA',2584,37.09024,-95.712891
'UNITED STATES U','US','USA',2585,37.09024,-95.712891
'United States (US)','US','USA',2586,37.09024,-95.712891
'United States of America','US','USA',2587,37.09024,-95.712891
'United States of America','US','USA',2588,37.09024,-95.712891
'UNK','GB','GBR',2589,63.888333,-160.798889
'UPPER VOLTA','BF','BFA',2590,14.4846092,121.0206846
'URUGAY','UY','URY',2591,-32.522779,-55.765835
'URUGUAI','UY','URY',2592,-32.522779,-55.765835
'Uruguay','UY','URY',2593,-32.522779,-55.765835
'URUGUAY','UY','URY',2594,-32.522779,-55.765835
'URUGUAY ?','UY','URY',2595,-32.522779,-55.765835
'US','US','USA',2596,37.09024,-95.712891
'USA','US','USA',2597,37.09024,-95.712891
'USA','US','USA',2598,37.09024,-95.712891
'USA','US','USA',2599,37.09024,-95.712891
'USA.','US','USA',2600,37.09024,-95.712891
'USA?','US','USA',2601,37.09024,-95.712891
'USSR','RU','RUS',2602,38.9171845,-77.0464456
'USSR','RU','RUS',2603,38.9171845,-77.0464456
'UZB','UZ','UZB',2604,40.3450394,70.859562
'Uzbeckistan','UZ','UZB',2605,41.377491,64.585262
'Uzbek Soviet Socialist Republic','UZ','UZB',2606,0,0
'Uzbek SSR','UZ','UZB',2607,0,0
'Uzbekiskaia SSR','UZ','UZB',2608,0,0
'Uzbekistan','UZ','UZB',2609,41.377491,64.585262
'Uzbekistan','UZ','UZB',2610,41.377491,64.585262
'Uzbekistan (partially Kirgizstan and Tadzhikistan)','UZ','UZB',2611,0,0
'VEN','VE','VEN',2612,7.3173273,100.360799
'Venezuela','VE','VEN',2613,6.42375,-66.58973
'VENEZUELA','VE','VEN',2614,6.42375,-66.58973
'VENEZUELA','VE','VEN',2615,6.42375,-66.58973
'VI','VI','VIR',2616,18.335765,-64.896335
'Viet Nam','VN','VNM',2617,14.058324,108.277199
'Vietnam','VN','VNM',2618,14.058324,108.277199
'Vietnam','VN','VNM',2619,14.058324,108.277199
'Vietnam','VN','VNM',2620,14.058324,108.277199
'Vietnam','VN','VNM',2621,14.058324,108.277199
'Vietnam','VN','VNM',2622,14.058324,108.277199
'Vietnam','VN','VNM',2623,14.058324,108.277199
'Virgin Island (GB)','VG','VGB',2624,51.5104465,-0.1549224
'Virgin Island (US)','VI','VIR',2625,48.5290677,-92.7058696
'Virgin Island (US)','VI','VIR',2626,48.5290677,-92.7058696
'Virgin Islands (British)','VG','VGB',2627,51.5104465,-0.1549224
'Virgin Islands (U.K.)','VG','VGB',2628,51.5104465,-0.1549224
'Virgin Islands (U.S.)','VI','VIR',2629,36.0420402,-115.0632314
'Virgin Islands (United States of America)','VI','VIR',2630,36.0420402,-115.0632314
'Virgin Islands (US)','VI','VIR',2631,36.0420402,-115.0632314
'Virginia','US','USA',2632,37.4315734,-78.6568942
'Vnzuela','VE','VEN',2633,6.42375,-66.58973
'Vnzula','VE','VEN',2634,6.42375,-66.58973
'Wales','GB','GBR',2635,52.1306607,-3.7837117
'West Bank','PS','PSE',2636,31.9465703,35.3027226
'WEST IRELAND','IE','IRL',2637,53.41291,-8.24389
'West Malaysia','MY','MYS',2638,4.210484,101.975766
'Western Samoa','WS','WSM',2639,-13.759029,-172.104629
'Yakut ASSR','RU','RUS',2640,66.7613451,124.1237531
'YEM','YE','YEM',2641,-6.37035,106.92035
'Yemen','YE','YEM',2642,15.552727,48.516388
'Yemen Arab Republic','YE','YEM',2643,31.9586026,35.925352
'ZAF','ZA','ZAF',2644,34.7888654,9.5617847
'ZAIRE','CD','COD',2645,-4.038333,21.758664
'ZAIRE','CD','COD',2646,-4.038333,21.758664
'ZAIRE','CD','COD',2647,-4.038333,21.758664
'Zaire','CD','COD',2648,-4.038333,21.758664
'Zaire','CD','COD',2649,-4.038333,21.758664
'ZAIRE','CD','COD',2650,-4.038333,21.758664
'ZAIRE','CD','COD',2651,-4.038333,21.758664
'ZAIRE','CD','COD',2652,-4.038333,21.758664
'ZAIRE','CD','COD',2653,-4.038333,21.758664
'ZAIRE','CD','COD',2654,-4.038333,21.758664
'Zaire','CD','COD',2655,-4.038333,21.758664
'ZAIRE','CD','COD',2656,-4.038333,21.758664
'Zambesia','ZM','ZMB',2657,0,0
'ZAMBIA','ZM','ZMB',2658,-13.133897,27.849332
'ZAMBIA','ZM','ZMB',2659,-13.133897,27.849332
'ZAMBIA','ZM','ZMB',2660,-13.133897,27.849332
'ZAMBIA','ZM','ZMB',2661,-13.133897,27.849332
'ZAMBIA','ZM','ZMB',2662,-13.133897,27.849332
'Zambia','ZM','ZMB',2663,-13.133897,27.849332
'Zambie','ZM','ZMB',2664,-13.133897,27.849332
'Zambie','ZM','ZMB',2665,-13.133897,27.849332
'Zambze','ZM','ZMB',2666,-18.8354882,36.2793531
'ZIMBABWE','ZW','ZWE',2667,-19.015438,29.154857
'ZIMBABWE','ZW','ZWE',2668,-19.015438,29.154857
'ZIMBABWE','ZW','ZWE',2669,-19.015438,29.154857
'ZIMBABWE','ZW','ZWE',2670,-19.015438,29.154857
'ZIMBABWE','ZW','ZWE',2671,-19.015438,29.154857
'Zimbabwe','ZW','ZWE',2672,-19.015438,29.154857
'ZIMBABWE','ZW','ZWE',2673,-19.015438,29.154857
'Zimbabwe','ZW','ZWE',2674,-19.015438,29.154857
'Andorra','AD','AND',2675,42.506285,1.521801
'United Arab Emirates','AE','ARE',2676,23.424076,53.847818
'Afghanistan','AF','AFG',2677,33.93911,67.709953
'Antigua and Barbuda','AG','ATG',2678,17.060816,-61.796428
'Anguilla','AI','AIA',2679,18.220554,-63.068615
'Albania','AL','ALB',2680,41.153332,20.168331
'Armenia','AM','ARM',2681,40.069099,45.038189
'Angola','AO','AGO',2682,-11.202692,17.873887
'Argentina','AR','ARG',2683,-38.416097,-63.616672
'American Samoa','AS','ASM',2684,-14.3060204,-170.6961815
'Austria','AT','AUT',2685,47.516231,14.550072
'Australia','AU','AUS',2686,-25.274398,133.775136
'Aruba','AW','ABW',2687,12.52111,-69.968338
'land Islands','AX','ALA',2688,-0.589724,101.3431058
'Azerbaijan','AZ','AZE',2689,40.143105,47.576927
'Bosnia and Herzegovina','BA','BIH',2690,43.915886,17.679076
'Barbados','BB','BRB',2691,13.193887,-59.543198
'Bangladesh','BD','BGD',2692,23.684994,90.356331
'Belgium','BE','BEL',2693,50.503887,4.469936
'Burkina Faso','BF','BFA',2694,12.238333,-1.561593
'Bulgaria','BG','BGR',2695,42.733883,25.48583
'Bahrain','BH','BHR',2696,26.0667,50.5577
'Burundi','BI','BDI',2697,-3.373056,29.918886
'Benin','BJ','BEN',2698,9.30769,2.315834
'Saint-Barthelemy','BL','BLM',2699,17.9,-62.833333
'Bermuda','BM','BMU',2700,32.3078,-64.7505
'Brunei','BN','BRN',2701,4.535277,114.727669
'Bolivia','BO','BOL',2702,-16.290154,-63.588653
'Brazil','BR','BRA',2703,-14.235004,-51.92528
'Bahamas','BS','BHS',2704,25.03428,-77.39628
'Bhutan','BT','BTN',2705,27.514162,90.433601
'Botswana','BW','BWA',2706,-22.328474,24.684866
'Belarus','BY','BLR',2707,53.709807,27.953389
'Belize','BZ','BLZ',2708,17.189877,-88.49765
'Canada','CA','CAN',2709,56.130366,-106.346771
'Cocos Islands','CC','CCK',2710,-12.1708739,96.8417392
'Democratic Republic of the Congo','CD','COD',2711,-4.038333,21.758664
'Central African Republic','CF','CAF',2712,6.611111,20.939444
'Republic of Congo','CG','COG',2713,-0.228021,15.827659
'Switzerland','CH','CHE',2714,46.818188,8.227512
'Cte d\'\'Ivoire','CI','CIV',2715,7.539989,-5.54708
'Cook Islands','CK','COK',2716,-21.236736,-159.777671
'Chile','CL','CHL',2717,-35.675147,-71.542969
'Cameroon','CM','CMR',2718,7.369722,12.354722
'China','CN','CHN',2719,35.86166,104.195397
'Colombia','CO','COL',2720,4.570868,-74.297333
'Costa Rica','CR','CRI',2721,9.748917,-83.753428
'Cuba','CU','CUB',2722,21.521757,-77.781167
'Cape Verde','CV','CPV',2723,15.120142,-23.6051721
'Curacao','CW','CUW',2724,12.16957,-68.99002
'Christmas Island','CX','CXR',2725,-10.447525,105.690449
'Cyprus','CY','CYP',2726,35.126413,33.429859
'Czech Republic','CZ','CZE',2727,49.817492,15.472962
'Germany','DE','DEU',2728,51.165691,10.451526
'Djibouti','DJ','DJI',2729,11.825138,42.590275
'Denmark','DK','DNK',2730,56.26392,9.501785
'Dominica','DM','DMA',2731,15.414999,-61.370976
'Dominican Republic','DO','DOM',2732,18.735693,-70.162651
'Algeria','DZ','DZA',2733,28.033886,1.659626
'Ecuador','EC','ECU',2734,-1.831239,-78.183406
'Estonia','EE','EST',2735,58.595272,25.013607
'Egypt','EG','EGY',2736,26.820553,30.802498
'Western Sahara','EH','ESH',2737,24.215527,-12.885834
'Eritrea','ER','ERI',2738,15.179384,39.782334
'Spain','ES','ESP',2739,40.463667,-3.74922
'Ethiopia','ET','ETH',2740,9.145,40.489673
'Finland','FI','FIN',2741,61.92411,25.748151
'Fiji','FJ','FJI',2742,-17.713371,178.065032
'Falkland Islands','FK','FLK',2743,-51.796253,-59.523613
'Micronesia','FM','FSM',2744,6.8874813,158.2150717
'Faroe Islands','FO','FRO',2745,61.892635,-6.911806
'France','FR','FRA',2746,46.227638,2.213749
'Gabon','GA','GAB',2747,-0.803689,11.609444
'United Kingdom','GB','GBR',2748,55.378051,-3.435973
'Grenada','GD','GRD',2749,12.1165,-61.679
'Georgia','GE','GEO',2750,42.315407,43.356892
'French Guiana','GF','GUF',2751,3.933889,-53.125782
'Guernsey','GG','GGY',2752,49.465691,-2.585278
'Ghana','GH','GHA',2753,7.946527,-1.023194
'Gibraltar','GI','GIB',2754,36.140751,-5.353585
'Greenland','GL','GRL',2755,71.706936,-42.604303
'Gambia','GM','GMB',2756,13.443182,-15.310139
'Guinea','GN','GIN',2757,9.945587,-9.696645
'Guadeloupe','GP','GLP',2758,16.265,-61.551
'Equatorial Guinea','GQ','GNQ',2759,1.650801,10.267895
'Greece','GR','GRC',2760,39.074208,21.824312
'South Georgia and the South Sandwich Islands','GS','SGS',2761,-54.429579,-36.587909
'Guatemala','GT','GTM',2762,15.783471,-90.230759
'Guam','GU','GUM',2763,13.444304,144.793731
'Guinea-Bissau','GW','GNB',2764,11.803749,-15.180413
'Guyana','GY','GUY',2765,4.860416,-58.93018
'Hong Kong','HK','HKG',2766,22.396428,114.109497
'Heard Island and McDonald Islands','HM','HMD',2767,-53.08181,73.504158
'Honduras','HN','HND',2768,15.199999,-86.241905
'Croatia','HR','HRV',2769,45.1,15.2
'Haiti','HT','HTI',2770,18.971187,-72.285215
'Hungary','HU','HUN',2771,47.162494,19.503304
'Indonesia','ID','IDN',2772,-0.789275,113.921327
'Ireland','IE','IRL',2773,53.41291,-8.24389
'Israel','IL','ISR',2774,31.046051,34.851612
'India','IN','IND',2775,20.593684,78.96288
'British Indian Ocean Territory','IO','IOT',2776,-7.3346232,72.4242508
'Iraq','IQ','IRQ',2777,33.223191,43.679291
'Iran','IR','IRN',2778,32.427908,53.688046
'Iceland','IS','ISL',2779,64.963051,-19.020835
'Italy','IT','ITA',2780,41.87194,12.56738
'Jersey','JE','JEY',2781,49.214439,-2.13125
'Jamaica','JM','JAM',2782,40.702677,-73.7889689
'Jordan','JO','JOR',2783,30.585164,36.238414
'Japan','JP','JPN',2784,36.204824,138.252924
'Kenya','KE','KEN',2785,-0.023559,37.906193
'Kyrgyzstan','KG','KGZ',2786,41.20438,74.766098
'Cambodia','KH','KHM',2787,12.565679,104.990963
'Kiribati','KI','KIR',2788,1.8708833,-157.3630262
'Comoros','KM','COM',2789,-11.6455,43.3333
'Saint Kitts and Nevis','KN','KNA',2790,17.357822,-62.782998
'North Korea','KP','PRK',2791,40.339852,127.510093
'South Korea','KR','KOR',2792,35.907757,127.766922
'Kuwait','KW','KWT',2793,29.31166,47.481766
'Cayman Islands','KY','CYM',2794,19.3133,-81.2546
'Kazakhstan','KZ','KAZ',2795,48.019573,66.923684
'Laos','LA','LAO',2796,19.85627,102.495496
'Lebanon','LB','LBN',2797,39.4353373,-84.2029922
'Saint Lucia','LC','LCA',2798,13.909444,-60.978893
'Liechtenstein','LI','LIE',2799,47.166,9.555373
'Sri Lanka','LK','LKA',2800,7.873054,80.771797
'Liberia','LR','LBR',2801,6.428055,-9.429499
'Lesotho','LS','LSO',2802,-29.609988,28.233608
'Lithuania','LT','LTU',2803,55.169438,23.881275
'Luxembourg','LU','LUX',2804,49.815273,6.129583
'Latvia','LV','LVA',2805,56.879635,24.603189
'Libya','LY','LBY',2806,26.3351,17.228331
'Morocco','MA','MAR',2807,31.791702,-7.09262
'Monaco','MC','MCO',2808,43.7384176,7.4246158
'Moldova','MD','MDA',2809,47.411631,28.369885
'Montenegro','ME','MNE',2810,42.708678,19.37439
'Saint-Martin','MF','MAF',2811,18.04248,-63.05483
'Madagascar','MG','MDG',2812,-18.766947,46.869107
'Marshall Islands','MH','MHL',2813,6.0683936,171.989379
'Macedonia','MK','MKD',2814,41.608635,21.745275
'Mali','ML','MLI',2815,17.570692,-3.996166
'Myanmar','MM','MMR',2816,21.913965,95.956223
'Mongolia','MN','MNG',2817,46.862496,103.846656
'Macao','MO','MAC',2818,22.198745,113.543873
'Northern Mariana Islands','MP','MNP',2819,15.0979,145.6739
'Martinique','MQ','MTQ',2820,14.641528,-61.024174
'Mauritania','MR','MRT',2821,21.00789,-10.940835
'Montserrat','MS','MSR',2822,16.742498,-62.187366
'Malta','MT','MLT',2823,35.937496,14.375416
'Mauritius','MU','MUS',2824,-20.348404,57.552152
'Maldives','MV','MDV',2825,1.977247,73.5361034
'Malawi','MW','MWI',2826,-13.254308,34.301525
'Mexico','MX','MEX',2827,39.1730652,-91.887271
'Malaysia','MY','MYS',2828,4.210484,101.975766
'Mozambique','MZ','MOZ',2829,-18.665695,35.529562
'Namibia','NA','NAM',2830,-22.95764,18.49041
'New Caledonia','NC','NCL',2831,-20.904305,165.618042
'Niger','NE','NER',2832,17.607789,8.081666
'Norfolk Island','NF','NFK',2833,-29.040835,167.954712
'Nigeria','NG','NGA',2834,9.081999,8.675277
'Nicaragua','NI','NIC',2835,12.865416,-85.207229
'Netherlands','NL','NLD',2836,52.132633,5.291266
'Norway','NO','NOR',2837,60.472024,8.468946
'Nepal','NP','NPL',2838,28.394857,84.124008
'Nauru','NR','NRU',2839,-0.522778,166.931503
'Niue','NU','NIU',2840,-19.054445,-169.867233
'New Zealand','NZ','NZL',2841,-40.900557,174.885971
'Oman','OM','OMN',2842,21.512583,55.923255
'Panama','PA','PAN',2843,8.537981,-80.782127
'Peru','PE','PER',2844,-9.189967,-75.015152
'French Polynesia','PF','PYF',2845,-17.679742,-149.406843
'Papua New Guinea','PG','PNG',2846,-6.314993,143.95555
'Philippines','PH','PHL',2847,12.879721,121.774017
'Pakistan','PK','PAK',2848,30.375321,69.345116
'Poland','PL','POL',2849,51.919438,19.145136
'Saint Pierre and Miquelon','PM','SPM',2850,46.8852,-56.3159
'Pitcairn Islands','PN','PCN',2851,-24.3767452,-128.3242353
'Puerto Rico','PR','PRI',2852,18.220833,-66.590149
'Palestina','PS','PSE',2853,31.952162,35.233154
'Portugal','PT','PRT',2854,39.399872,-8.224454
'Palau','PW','PLW',2855,7.51498,134.58252
'Paraguay','PY','PRY',2856,-23.442503,-58.443832
'Qatar','QA','QAT',2857,25.354826,51.183884
'Reunion','RE','REU',2858,-21.115141,55.536384
'Romania','RO','ROU',2859,45.943161,24.96676
'Serbia','RS','SRB',2860,44.016521,21.005859
'Russia','RU','RUS',2861,61.52401,105.318756
'Rwanda','RW','RWA',2862,-1.940278,29.873888
'Saudi Arabia','SA','SAU',2863,23.885942,45.079162
'Solomon Islands','SB','SLB',2864,-9.64571,160.156194
'Seychelles','SC','SYC',2865,-4.679574,55.491977
'Sudan','SD','SDN',2866,12.862807,30.217636
'Sweden','SE','SWE',2867,60.128161,18.643501
'Singapore','SG','SGP',2868,1.352083,103.819836
'Saint Helena','SH','SHN',2869,34.5141813,-77.9167457
'Slovenia','SI','SVN',2870,46.151241,14.995463
'Svalbard and Jan Mayen','SJ','SJM',2871,77.553604,23.670272
'Slovakia','SK','SVK',2872,48.669026,19.699024
'Sierra Leone','SL','SLE',2873,8.460555,-11.779889
'San Marino','SM','SMR',2874,34.121397,-118.1064585
'Senegal','SN','SEN',2875,14.497401,-14.452362
'Somalia','SO','SOM',2876,5.152149,46.199616
'Suriname','SR','SUR',2877,3.919305,-56.027783
'South Sudan','SS','SSD',2878,6.8769919,31.3069788
'Sao Tome and Principe','ST','STP',2879,0.18636,6.613081
'El Salvador','SV','SLV',2880,13.794185,-88.89653
'Sint Maarten','SX','SMX',2881,18.08255,-63.052251
'Syria','SY','SYR',2882,34.802075,38.996815
'Swaziland','SZ','SWZ',2883,-26.522503,31.465866
'Turks and Caicos Islands','TC','TCA',2884,21.694025,-71.797928
'Chad','TD','TCD',2885,15.454166,18.732207
'French Southern Territories','TF','ATF',2886,-49.280366,69.348557
'Togo','TG','TGO',2887,8.619543,0.824782
'Thailand','TH','THA',2888,15.870032,100.992541
'Tajikistan','TJ','TJK',2889,38.861034,71.276093
'Tokelau','TK','TKL',2890,-9.2002,-171.8484
'East Timor','TL','TLS',2891,-8.874217,125.727539
'Turkmenistan','TM','TKM',2892,38.969719,59.556278
'Tunisia','TN','TUN',2893,33.886917,9.537499
'Tonga','TO','TON',2894,-21.178986,-175.198242
'Turkey','TR','TUR',2895,38.963745,35.243322
'Trinidad and Tobago','TT','TTO',2896,10.691803,-61.222503
'Tuvalu','TV','TUV',2897,-7.4784418,178.6799214
'Taiwan','TW','TWN',2898,23.69781,120.960515
'Tanzania','TZ','TZA',2899,-6.369028,34.888822
'Ukraine','UA','UKR',2900,48.379433,31.16558
'Uganda','UG','UGA',2901,1.373333,32.290275
'United States Minor Outlying Islands','UM','UMI',2902,19.2823192,166.647047
'United States','US','USA',2903,37.09024,-95.712891
'Uruguay','UY','URY',2904,-32.522779,-55.765835
'Uzbekistan','UZ','UZB',2905,41.377491,64.585262
'Vatican City','VA','VAT',2906,41.902916,12.453389
'Saint Vincent and the Grenadines','VC','VCT',2907,13.2528179,-61.1971628
'Venezuela','VE','VEN',2908,6.42375,-66.58973
'British Virgin Islands','VG','VGB',2909,18.420695,-64.639968
'Virgin Islands, U.S.','VI','VIR',2910,36.0420402,-115.0632314
'Vietnam','VN','VNM',2911,14.058324,108.277199
'Vanuatu','VU','VUT',2912,-15.376706,166.959158
'Wallis and Futuna','WF','WLF',2913,-14.2938,-178.1165
'Samoa','WS','WSM',2914,-13.759029,-172.104629
'Yemen','YE','YEM',2915,15.552727,48.516388
'Mayotte','YT','MYT',2916,-12.8275,45.166244
'South Africa','ZA','ZAF',2917,-30.559482,22.937506
'Zambia','ZM','ZMB',2918,-13.133897,27.849332
'Zimbabwe','ZW','ZWE',2919,-19.015438,29.154857
'land Islands','AX','ALA',2920,-0.589724,101.3431058
