gbifid	datasetkey	occurrenceid	kingdom	phylum	class	order	family	genus	species	infraspecificepithet	taxonrank	scientificname	countrycode	locality	publishingorgkey	decimallatitude	decimallongitude	coordinateuncertaintyinmeters	coordinateprecision	elevation	elevationaccuracy	depth	depthaccuracy	eventdate	day	month	year	taxonkey	specieskey	basisofrecord	institutioncode	collectioncode	catalognumber	recordnumber	identifiedby	license	rightsholder	recordedby	typestatus	establishmentmeans	lastinterpreted	mediatype	issue
45490645	848182d0-f762-11e1-a439-00145eb45e9a		Plantae	Tracheophyta	Magnoliopsida	Ericales	Ericaceae	Macleania	Macleania rupestris		SPECIES	Macleania rupestris (Kunth) A. C. Sm.	CR	Along Interamerican Hwy, S of Cartago, km 69.	036cdc50-e7f5-11d9-9a0e-b8a03c50a862	9.65	-83.85			2600.0	0.0			1980-03-05T01:00Z	5	3	1980	4170327	4170327	PRESERVED_SPECIMEN	Museo Nacional de Costa Rica (MNCR)	Herbario Nacional de Costa Rica (CR)	80212		Meerow	CC_BY_4_0		Meerow, A.			2017-02-18T20:37Z		GEODETIC_DATUM_ASSUMED_WGS84	 
45490707	84de00a0-f762-11e1-a439-00145eb45e9a	DAV:Herbarium:19374	Plantae	Tracheophyta	Magnoliopsida	Lamiales	Verbenaceae	Verbena	Verbena hastata		SPECIES	Verbena hastata L.	US	Butte County:  East of the Sacramento River, North of Sutter Buttes, along Hwy 162, ca. 3 road miles E of the intersection of Eureka St. and Hwy 162 in the town of Butte.	f0b6a090-a4c6-11d8-9534-b8a03c50a862	39.464444	-121.942222							2001-08-20T02:00Z	20	8	2001	2925527	2925527	PRESERVED_SPECIMEN	DAV	Herbarium	19374	871	det. J. Ditomaso	CC0_1_0		E. Dean			2017-02-20T11:58Z		COORDINATE_ROUNDED;GEODETIC_DATUM_ASSUMED_WGS84	 
45490743	84de00a0-f762-11e1-a439-00145eb45e9a	DAV:Herbarium:20580	Plantae	Tracheophyta	Magnoliopsida	Laurales	Lauraceae	Umbellularia	Umbellularia californica		SPECIES	Umbellularia californica (Hook. & Arn.) Nutt.	US	Yolo County: East of McLaughlin UC Reserve and Davis resevoir.  West of Cache Creek drainage.  Along Rayhouse Road 2.5 road miles E of jct with road to Soda Springs and gate into McLaughlin reserve.	f0b6a090-a4c6-11d8-9534-b8a03c50a862	38.873333	-122.338889							2002-07-05T02:00Z	5	7	2002	5371727	5371727	PRESERVED_SPECIMEN	DAV	Herbarium	20580	1123		CC0_1_0		E. Dean			2017-02-20T11:05Z		COORDINATE_ROUNDED;GEODETIC_DATUM_ASSUMED_WGS84	 
45490744	84de00a0-f762-11e1-a439-00145eb45e9a	DAV:Herbarium:20588	Plantae	Tracheophyta	Liliopsida	Poales	Typhaceae	Typha	Typha angustifolia		SPECIES	Typha angustifolia L.	US	Yolo County: East of McLaughlin UC Reserve and Davis resevoir.  West of Cache Creek drainage.  Along Rayhouse Road 1.8 road miles E of jct with road to Soda Springs and gate into McLaughlin reserve.	f0b6a090-a4c6-11d8-9534-b8a03c50a862	38.867778	-122.343889							2002-07-05T02:00Z	5	7	2002	5289461	5289461	PRESERVED_SPECIMEN	DAV	Herbarium	20588	1131	det. M. Bibbo	CC0_1_0		E. Dean			2017-02-20T10:45Z		COORDINATE_ROUNDED;GEODETIC_DATUM_ASSUMED_WGS84	 
45490750	84de00a0-f762-11e1-a439-00145eb45e9a	DAV:Herbarium:20885	Plantae	Tracheophyta	Magnoliopsida	Lamiales	Verbenaceae	Verbena	Verbena lasiostachys		SPECIES	Verbena lasiostachys Link	US	Yolo County: Sacramento Valley, 4 miles west of Woodland, at Cache Creek Nature Preserve, riparian zone of Cache Creek.	f0b6a090-a4c6-11d8-9534-b8a03c50a862	38.688056	-121.871944							2001-05-24T02:00Z	24	5	2001	2925519	2925519	PRESERVED_SPECIMEN	DAV	Herbarium	20885	113	det. E. Dean	CC0_1_0		N. Nicola			2017-02-20T11:58Z		COORDINATE_ROUNDED;GEODETIC_DATUM_ASSUMED_WGS84	 
45490779	848182d0-f762-11e1-a439-00145eb45e9a		Plantae	Tracheophyta	Magnoliopsida	Rosales	Moraceae	Maclura	Maclura tinctoria		SPECIES	Maclura tinctoria (L.) D. Don ex Steud.	CR	P. N. Rincón de la Vieja Around park headquarters.	036cdc50-e7f5-11d9-9a0e-b8a03c50a862	10.83	-85.61			250.0	0.0			1977-06-23T01:00Z	23	6	1977	2984583	2984583	PRESERVED_SPECIMEN	Museo Nacional de Costa Rica (MNCR)	Herbario Nacional de Costa Rica (CR)	86215		C. Berg	CC_BY_4_0		Liesner, Ronald			2017-02-18T20:37Z		GEODETIC_DATUM_ASSUMED_WGS84	 
45490783	848182d0-f762-11e1-a439-00145eb45e9a		Plantae	Tracheophyta	Magnoliopsida	Rosales	Moraceae	Maclura	Maclura tinctoria		SPECIES	Maclura tinctoria (L.) D. Don ex Steud.	CR	P. N. Santa Rosa Rocky, dry river  between Manilkara forest and fork in road to Naranjo Beach. Rio Posada Salada.	036cdc50-e7f5-11d9-9a0e-b8a03c50a862	10.8	-85.65			10.0	0.0			1977-06-21T01:00Z	21	6	1977	2984583	2984583	PRESERVED_SPECIMEN	Museo Nacional de Costa Rica (MNCR)	Herbario Nacional de Costa Rica (CR)	86520		C. Berg	CC_BY_4_0		Liesner, Ronald			2017-02-18T20:37Z		GEODETIC_DATUM_ASSUMED_WGS84	 
45490834	84de00a0-f762-11e1-a439-00145eb45e9a	DAV:Herbarium:23844	Plantae	Tracheophyta	Magnoliopsida	Magnoliales	Myristicaceae	Virola	Virola koschnyi		SPECIES	Virola koschnyi Warb.	BZ	In the lowlands of the northeastern BNR 20 m from the Bladen River.	f0b6a090-a4c6-11d8-9534-b8a03c50a862	16.55	-88.716667							1997-02-27T01:00Z	27	2	1997	3743287	3743287	PRESERVED_SPECIMEN	DAV	Herbarium	23844	178	det. by SW Brewer  2000	CC0_1_0		Steven W. Brewer			2017-02-20T12:56Z		COORDINATE_ROUNDED;GEODETIC_DATUM_ASSUMED_WGS84	 
45490839	848182d0-f762-11e1-a439-00145eb45e9a		Plantae	Tracheophyta	Magnoliopsida	Ericales	Ericaceae	Macleania	Macleania rupestris		SPECIES	Macleania rupestris (Kunth) A. C. Sm.	CR	Costa Rica Route 2, Cerro de la Muerte.	036cdc50-e7f5-11d9-9a0e-b8a03c50a862	9.6	-83.78			3100.0	0.0			1981-01-10T01:00Z	10	1	1981	4170327	4170327	PRESERVED_SPECIMEN	Museo Nacional de Costa Rica (MNCR)	Herbario Nacional de Costa Rica (CR)	88054		Luteyn, James L.	CC_BY_4_0		Zika, Peter F.			2017-02-18T20:37Z		GEODETIC_DATUM_ASSUMED_WGS84	 
45490845	84de00a0-f762-11e1-a439-00145eb45e9a	DAV:Herbarium:24294	Plantae	Tracheophyta	Magnoliopsida	Magnoliales	Myristicaceae	Virola	Virola koschnyi		SPECIES	Virola koschnyi Warb.	BZ	In the lowlands of the northeastern BNR 20 m from the Bladen River.	f0b6a090-a4c6-11d8-9534-b8a03c50a862	16.55	-88.716667							1995-08-18T02:00Z	18	8	1995	3743287	3743287	PRESERVED_SPECIMEN	DAV	Herbarium	24294	92	det. by SW Brewer  2000	CC0_1_0		Steven W. Brewer			2017-02-20T12:56Z		COORDINATE_ROUNDED;GEODETIC_DATUM_ASSUMED_WGS84	 
45490847	84de00a0-f762-11e1-a439-00145eb45e9a	DAV:Herbarium:24352	Plantae	Tracheophyta	Magnoliopsida	Magnoliales	Myristicaceae	Virola	Virola koschnyi		SPECIES	Virola koschnyi Warb.	BZ	In the lowlands of the northeastern Bladen Nature Reserve.	f0b6a090-a4c6-11d8-9534-b8a03c50a862	16.55	-88.716667							1998-12-27T01:00Z	27	12	1998	3743287	3743287	PRESERVED_SPECIMEN	DAV	Herbarium	24352	368	det. by SW Brewer  2000	CC0_1_0		Steven W. Brewer			2017-02-20T12:56Z		COORDINATE_ROUNDED;GEODETIC_DATUM_ASSUMED_WGS84	 
45491030	848182d0-f762-11e1-a439-00145eb45e9a		Plantae	Tracheophyta	Magnoliopsida	Ericales	Ericaceae	Macleania	Macleania rupestris		SPECIES	Macleania rupestris (Kunth) A. C. Sm.	CR	E.B. Cuericí Along the trail to Cerro Cuericí E of Villa Mills and Siberia.	036cdc50-e7f5-11d9-9a0e-b8a03c50a862	9.55	-83.68			2750.0	50.0			1982-02-05T01:00Z	5	2	1982	4170327	4170327	PRESERVED_SPECIMEN	Museo Nacional de Costa Rica (MNCR)	Herbario Nacional de Costa Rica (CR)	96889		Luteyn, James L.	CC_BY_4_0		Burger, William			2017-02-18T20:37Z		GEODETIC_DATUM_ASSUMED_WGS84	 
45491126	848182d0-f762-11e1-a439-00145eb45e9a		Plantae	Tracheophyta	Magnoliopsida	Ericales	Ericaceae	Macleania	Macleania rupestris		SPECIES	Macleania rupestris (Kunth) A. C. Sm.	CR	E.B. Cuericí PROV. SAN JOSE-CARTAGO. Cordillera de Talamanca, upper slopes, western ridge of Cerro Cuericí. Trail along ridge through oak forest with bamboo (Chusquea) understory.	036cdc50-e7f5-11d9-9a0e-b8a03c50a862	9.56	-83.66			3160.0	0.0			1983-09-15T02:00Z	15	9	1983	4170327	4170327	PRESERVED_SPECIMEN	Museo Nacional de Costa Rica (MNCR)	Herbario Nacional de Costa Rica (CR)	99051		Wilbur, Robert L.	CC_BY_4_0		Davidse, Gerrit			2017-02-18T20:37Z		GEODETIC_DATUM_ASSUMED_WGS84	 
45491128	848182d0-f762-11e1-a439-00145eb45e9a		Plantae	Tracheophyta	Magnoliopsida	Ericales	Ericaceae	Macleania	Macleania rupestris		SPECIES	Macleania rupestris (Kunth) A. C. Sm.	PA	Costa Rica/Panamá.  PROV. PUNTARENAS/PROV. BOCAS DEL TORO: Cordillera de Talamanca, Cerro Echandi on the Costa Rican-Panamian international border.  Páramo with Chusquea-Hypericum-grasses-sedges dominant.	036cdc50-e7f5-11d9-9a0e-b8a03c50a862	9.03	-82.81			375.0	0.0			1983-08-22T02:00Z	22	8	1983	4170327	4170327	PRESERVED_SPECIMEN	Museo Nacional de Costa Rica (MNCR)	Herbario Nacional de Costa Rica (CR)	99349		Morales, Juan Francisco	CC_BY_4_0		Davidse, Gerrit			2017-02-18T20:37Z		GEODETIC_DATUM_ASSUMED_WGS84;COUNTRY_DERIVED_FROM_COORDINATES	 
45491130	848182d0-f762-11e1-a439-00145eb45e9a		Plantae	Tracheophyta	Magnoliopsida	Ericales	Ericaceae	Macleania	Macleania rupestris		SPECIES	Macleania rupestris (Kunth) A. C. Sm.	CR	PROV. PUNTARENAS. Cordillera de Talamanca, upper slopes of Cerro Echandi. Oak forest with Chusquea understory.	036cdc50-e7f5-11d9-9a0e-b8a03c50a862	9.02	-82.81			2900.0	0.0			1983-08-23T02:00Z	23	8	1983	4170327	4170327	PRESERVED_SPECIMEN	Museo Nacional de Costa Rica (MNCR)	Herbario Nacional de Costa Rica (CR)	99944		Luteyn, James L.	CC_BY_4_0		Davidse, Gerrit			2017-09-21T18:21Z		GEODETIC_DATUM_ASSUMED_WGS84	 
45491131	848182d0-f762-11e1-a439-00145eb45e9a		Plantae	Tracheophyta	Magnoliopsida	Ericales	Ericaceae	Macleania	Macleania rupestris		SPECIES	Macleania rupestris (Kunth) A. C. Sm.	CR	E.B. Cuericí PROV. SAN JOSE-CARTAGO. Cordillera de Talamanca, continental divide, ridge 3 km directly W of highest peak of Cerros Cuericí. Small Chusquea Hypericum-ericad shrub páramo with a deep layer of Spagnum and other mosses (more than 50 cm thick)	036cdc50-e7f5-11d9-9a0e-b8a03c50a862	9.58	-83.65			3180.0	0.0			1983-09-18T02:00Z	18	9	1983	4170327	4170327	PRESERVED_SPECIMEN	Museo Nacional de Costa Rica (MNCR)	Herbario Nacional de Costa Rica (CR)	100409		Wilbur, Robert L.	CC_BY_4_0		Davidse, Gerrit			2017-02-18T20:37Z		GEODETIC_DATUM_ASSUMED_WGS84;COUNTRY_DERIVED_FROM_COORDINATES	 
45491137	848182d0-f762-11e1-a439-00145eb45e9a		Plantae	Tracheophyta	Magnoliopsida	Ericales	Ericaceae	Macleania	Macleania rupestris		SPECIES	Macleania rupestris (Kunth) A. C. Sm.	CR	R.F. Los Santos Direct line from Hotel La Georgina to cerro Frío to the Cerro Buenavista complex (Cerro de la Muerte), area with television and radio towers.	036cdc50-e7f5-11d9-9a0e-b8a03c50a862	9.55	-83.72			3200.0	0.0			1983-09-20T02:00Z	20	9	1983	4170327	4170327	PRESERVED_SPECIMEN	Museo Nacional de Costa Rica (MNCR)	Herbario Nacional de Costa Rica (CR)	101849		Luteyn, James L.	CC_BY_4_0		Davidse, Gerrit			2017-02-18T20:37Z		GEODETIC_DATUM_ASSUMED_WGS84	 
45491178	848182d0-f762-11e1-a439-00145eb45e9a		Plantae	Tracheophyta	Magnoliopsida	Ericales	Ericaceae	Macleania	Macleania rupestris		SPECIES	Macleania rupestris (Kunth) A. C. Sm.	CR	R.F. Los Santos Lower S slope of Cerro Zacatales.	036cdc50-e7f5-11d9-9a0e-b8a03c50a862	9.58	-83.76			3300.0	0.0			1985-05-12T02:00Z	12	5	1985	4170327	4170327	PRESERVED_SPECIMEN	Museo Nacional de Costa Rica (MNCR)	Herbario Nacional de Costa Rica (CR)	109457		S. Horn	CC_BY_4_0		Horn, Sally P.			2017-02-18T20:37Z		GEODETIC_DATUM_ASSUMED_WGS84	 
45491179	848182d0-f762-11e1-a439-00145eb45e9a		Plantae	Tracheophyta	Magnoliopsida	Fabales	Fabaceae	Macroptilium	Macroptilium lathyroides		SPECIES	Macroptilium lathyroides (L.) Urb.	CR	In open Weedy field alon roadside  just S of quebrada Quiebra Caña. Finca Bananera (Between Mata de Limón and Sixaola.).	036cdc50-e7f5-11d9-9a0e-b8a03c50a862	9.53	-82.63			8.0	0.0			1984-11-20T01:00Z	20	11	1984	2945063	2945063	PRESERVED_SPECIMEN	Museo Nacional de Costa Rica (MNCR)	Herbario Nacional de Costa Rica (CR)	109901		Zamora, Nelson	CC_BY_4_0		Grayum, Michael			2017-02-18T20:40Z		GEODETIC_DATUM_ASSUMED_WGS84	 
45491273	848182d0-f762-11e1-a439-00145eb45e9a		Plantae	Tracheophyta	Magnoliopsida	Rosales	Moraceae	Maclura	Maclura tinctoria		SPECIES	Maclura tinctoria (L.) D. Don ex Steud.	CR	Finca La Pacífica.	036cdc50-e7f5-11d9-9a0e-b8a03c50a862	10.5	-85.16			50.0	0.0			1987-09-25T02:00Z	25	9	1987	2984583	2984583	PRESERVED_SPECIMEN	Museo Nacional de Costa Rica (MNCR)	Herbario Nacional de Costa Rica (CR)	125708		C. Berg	CC_BY_4_0		Jiménez, Quírico			2017-02-18T20:37Z		GEODETIC_DATUM_ASSUMED_WGS84	 
45491304	848182d0-f762-11e1-a439-00145eb45e9a		Plantae	Tracheophyta	Magnoliopsida	Ericales	Ericaceae	Macleania	Macleania rupestris		SPECIES	Macleania rupestris (Kunth) A. C. Sm.	CR	R.F. Los Santos La Georgina de Villa MIlls, c. 1.5 km al norte del restaurante "La Georgina", Carrtera Interamericana (Km 95).	036cdc50-e7f5-11d9-9a0e-b8a03c50a862	9.56	-83.7			2990.0	0.0			1986-01-11T01:00Z	11	1	1986	4170327	4170327	PRESERVED_SPECIMEN	Museo Nacional de Costa Rica (MNCR)	Herbario Nacional de Costa Rica (CR)	128719		Almeda, Frank	CC_BY_4_0		Kappelle, Maarten			2017-02-18T20:37Z		GEODETIC_DATUM_ASSUMED_WGS84	 
45491320	848182d0-f762-11e1-a439-00145eb45e9a		Plantae	Tracheophyta	Magnoliopsida	Ericales	Ericaceae	Macleania	Macleania rupestris		SPECIES	Macleania rupestris (Kunth) A. C. Sm.	CR	Macho Mora de Villa Mills, 1 km al E de la carretera Interamericana.	036cdc50-e7f5-11d9-9a0e-b8a03c50a862	9.53	-83.7			2690.0	0.0			1986-01-13T01:00Z	13	1	1986	4170327	4170327	PRESERVED_SPECIMEN	Museo Nacional de Costa Rica (MNCR)	Herbario Nacional de Costa Rica (CR)	129535		Poveda, Luis Jorge	CC_BY_4_0		Kappelle, Maarten			2017-02-18T20:37Z		GEODETIC_DATUM_ASSUMED_WGS84	 
45491367	848182d0-f762-11e1-a439-00145eb45e9a		Plantae	Tracheophyta	Magnoliopsida	Ericales	Ericaceae	Macleania	Macleania rupestris		SPECIES	Macleania rupestris (Kunth) A. C. Sm.	CR	R.F. Los Santos Trinidad, c. 0.5 km al S de la Carretera Interamericana (km64...km65), en la Finca de la Sociedad Ganadera Madre Selva S. A.	036cdc50-e7f5-11d9-9a0e-b8a03c50a862	9.67	-83.86			2430.0	0.0			1986-03-04T01:00Z	4	3	1986	4170327	4170327	PRESERVED_SPECIMEN	Museo Nacional de Costa Rica (MNCR)	Herbario Nacional de Costa Rica (CR)	132584		Poveda, Luis Jorge	CC_BY_4_0		Kappelle, Maarten			2017-02-18T20:37Z		GEODETIC_DATUM_ASSUMED_WGS84	 
45491370	848182d0-f762-11e1-a439-00145eb45e9a		Plantae	Tracheophyta	Magnoliopsida	Ericales	Ericaceae	Macleania	Macleania rupestris		SPECIES	Macleania rupestris (Kunth) A. C. Sm.	CR	R.F. Los Santos Providencia, c. 1 km al sur de Ojo de Agua, en el camino.	036cdc50-e7f5-11d9-9a0e-b8a03c50a862	9.61	-83.81			2880.0	0.0			1986-02-24T01:00Z	24	2	1986	4170327	4170327	PRESERVED_SPECIMEN	Museo Nacional de Costa Rica (MNCR)	Herbario Nacional de Costa Rica (CR)	132634		Poveda, Luis Jorge	CC_BY_4_0		Kappelle, Maarten			2017-02-18T20:37Z		GEODETIC_DATUM_ASSUMED_WGS84	 
45491395	848182d0-f762-11e1-a439-00145eb45e9a		Plantae	Tracheophyta	Magnoliopsida	Ericales	Ericaceae	Macleania	Macleania rupestris		SPECIES	Macleania rupestris (Kunth) A. C. Sm.	CR	R.F. Los Santos Villa Mills.	036cdc50-e7f5-11d9-9a0e-b8a03c50a862	9.56	-83.71			2800.0	0.0			1989-03-18T01:00Z	18	3	1989	4170327	4170327	PRESERVED_SPECIMEN	Museo Nacional de Costa Rica (MNCR)	Herbario Nacional de Costa Rica (CR)	135989		Morales, Juan Francisco	CC_BY_4_0		Merz			2017-02-18T20:37Z		GEODETIC_DATUM_ASSUMED_WGS84	 
45491399	848182d0-f762-11e1-a439-00145eb45e9a		Plantae	Tracheophyta	Magnoliopsida	Ericales	Ericaceae	Macleania	Macleania rupestris		SPECIES	Macleania rupestris (Kunth) A. C. Sm.	CR	R.F. Los Santos Villa Mills.	036cdc50-e7f5-11d9-9a0e-b8a03c50a862	9.55	-83.68			2700.0	0.0			1989-06-28T02:00Z	28	6	1989	4170327	4170327	PRESERVED_SPECIMEN	Museo Nacional de Costa Rica (MNCR)	Herbario Nacional de Costa Rica (CR)	136157		Morales, Juan Francisco	CC_BY_4_0		Merz			2017-02-18T20:37Z		GEODETIC_DATUM_ASSUMED_WGS84	 
45491402	848182d0-f762-11e1-a439-00145eb45e9a		Plantae	Tracheophyta	Magnoliopsida	Ericales	Ericaceae	Macleania	Macleania rupestris		SPECIES	Macleania rupestris (Kunth) A. C. Sm.	CR	R.F. Los Santos Villa Mills.	036cdc50-e7f5-11d9-9a0e-b8a03c50a862	9.55	-83.68			2700.0	0.0			1989-07-05T02:00Z	5	7	1989	4170327	4170327	PRESERVED_SPECIMEN	Museo Nacional de Costa Rica (MNCR)	Herbario Nacional de Costa Rica (CR)	136168		Morales, Juan Francisco	CC_BY_4_0		Merz			2017-02-18T20:37Z		GEODETIC_DATUM_ASSUMED_WGS84	 
45491437	848182d0-f762-11e1-a439-00145eb45e9a		Plantae	Tracheophyta	Magnoliopsida	Ericales	Ericaceae	Macleania	Macleania rupestris		SPECIES	Macleania rupestris (Kunth) A. C. Sm.	CR	E.B. Cuericí Cartago-San José. Fila Cerro Cuericí. Bosque de Quercus costaricensis.	036cdc50-e7f5-11d9-9a0e-b8a03c50a862	9.56	-83.66			2900.0	0.0			1988-07-28T02:00Z	28	7	1988	4170327	4170327	PRESERVED_SPECIMEN	Museo Nacional de Costa Rica (MNCR)	Herbario Nacional de Costa Rica (CR)	139014		Morales, Juan Francisco	CC_BY_4_0		Kappelle, Maarten			2017-02-18T20:37Z		GEODETIC_DATUM_ASSUMED_WGS84	 
45491443	848182d0-f762-11e1-a439-00145eb45e9a		Plantae	Tracheophyta	Magnoliopsida	Ericales	Ericaceae	Macleania	Macleania rupestris		SPECIES	Macleania rupestris (Kunth) A. C. Sm.	CR	R.F. Los Santos Disturbed forest on hill across Pan- American Hwy from Hotel La Gerorgina, low growing, forming dense mats.	036cdc50-e7f5-11d9-9a0e-b8a03c50a862	9.56	-83.76			3200.0	0.0			1987-07-07T02:00Z	7	7	1987	4170327	4170327	PRESERVED_SPECIMEN	Museo Nacional de Costa Rica (MNCR)	Herbario Nacional de Costa Rica (CR)	139616		Morales, Juan Francisco	CC_BY_4_0		Smith, J. F.			2017-02-18T20:37Z		GEODETIC_DATUM_ASSUMED_WGS84	 
45491463	848182d0-f762-11e1-a439-00145eb45e9a		Plantae	Tracheophyta	Magnoliopsida	Ericales	Ericaceae	Macleania	Macleania rupestris		SPECIES	Macleania rupestris (Kunth) A. C. Sm.	CR	R.F. Los Santos Villa Mills.	036cdc50-e7f5-11d9-9a0e-b8a03c50a862	9.55	-83.68			2700.0	0.0			1990-01-11T01:00Z	11	1	1990	4170327	4170327	PRESERVED_SPECIMEN	Museo Nacional de Costa Rica (MNCR)	Herbario Nacional de Costa Rica (CR)	143360		Morales, Juan Francisco	CC_BY_4_0		Merz			2017-02-18T20:37Z		GEODETIC_DATUM_ASSUMED_WGS84	 
45491478	848182d0-f762-11e1-a439-00145eb45e9a		Plantae	Tracheophyta	Magnoliopsida	Ericales	Ericaceae	Macleania	Macleania rupestris		SPECIES	Macleania rupestris (Kunth) A. C. Sm.	CR	P. N. Chirripó Monte sin fé. Lev. 44. 1km SW Valle Los Crestones, Sendero Cresta de Los Arrepentidos-Los Crestones Bosque quemado (1976), especies: Quercus Artostaphylos. Rocas. Lev. nº. 44.	036cdc50-e7f5-11d9-9a0e-b8a03c50a862	10.45	-83.52			3250.0	0.0			1988-09-20T02:00Z	20	9	1988	4170327	4170327	PRESERVED_SPECIMEN	Museo Nacional de Costa Rica (MNCR)	Herbario Nacional de Costa Rica (CR)	144553		Kappelle, Maarten	CC_BY_4_0		Kappelle, Maarten			2017-02-18T20:37Z		GEODETIC_DATUM_ASSUMED_WGS84	 
45491481	848182d0-f762-11e1-a439-00145eb45e9a		Plantae	Tracheophyta	Magnoliopsida	Ericales	Ericaceae	Macleania	Macleania rupestris		SPECIES	Macleania rupestris (Kunth) A. C. Sm.	CR	R.F. Los Santos Cerro Asunción, 0.5 km al NO de la carretera Interamericana (km 90...km91).	036cdc50-e7f5-11d9-9a0e-b8a03c50a862	9.57	-83.75			3080.0	0.0			1986-03-06T01:00Z	6	3	1986	4170327	4170327	PRESERVED_SPECIMEN	Museo Nacional de Costa Rica (MNCR)	Herbario Nacional de Costa Rica (CR)	144840		Poveda, Luis Jorge	CC_BY_4_0		Kappelle, Maarten			2017-02-18T20:37Z		GEODETIC_DATUM_ASSUMED_WGS84	 
45491494	848182d0-f762-11e1-a439-00145eb45e9a		Plantae	Tracheophyta	Magnoliopsida	Ericales	Ericaceae	Macleania	Macleania rupestris		SPECIES	Macleania rupestris (Kunth) A. C. Sm.	CR	24.5 km S of Cartago exit on Pan American hwy.	036cdc50-e7f5-11d9-9a0e-b8a03c50a862	9.74	-83.97			2000.0	0.0			1988-05-10T02:00Z	10	5	1988	4170327	4170327	PRESERVED_SPECIMEN	Museo Nacional de Costa Rica (MNCR)	Herbario Nacional de Costa Rica (CR)	145739		Morales, Juan Francisco	CC_BY_4_0		Wallace, B. J.			2017-02-18T20:37Z		GEODETIC_DATUM_ASSUMED_WGS84	 
45491512	848182d0-f762-11e1-a439-00145eb45e9a		Plantae	Tracheophyta	Magnoliopsida	Ericales	Ericaceae	Macleania	Macleania rupestris		SPECIES	Macleania rupestris (Kunth) A. C. Sm.	CR	96 km S of San José on the Pan American hwy, near the highest saddle of Cerro de la Muerte.	036cdc50-e7f5-11d9-9a0e-b8a03c50a862	9.56	-83.75			3230.0	0.0			1988-05-03T02:00Z	3	5	1988	4170327	4170327	PRESERVED_SPECIMEN	Museo Nacional de Costa Rica (MNCR)	Herbario Nacional de Costa Rica (CR)	146114		Morales, Juan Francisco	CC_BY_4_0		Wallace, B. J.			2017-02-18T20:37Z		GEODETIC_DATUM_ASSUMED_WGS84	 
45491522	848182d0-f762-11e1-a439-00145eb45e9a		Plantae	Tracheophyta	Magnoliopsida	Rosales	Moraceae	Maclura	Maclura tinctoria		SPECIES	Maclura tinctoria (L.) D. Don ex Steud.	CR	Monteverde. Vertiente Pacíficica.	036cdc50-e7f5-11d9-9a0e-b8a03c50a862	10.3	-84.8			1350.0	0.0			1988-06-08T02:00Z	8	6	1988	2984583	2984583	PRESERVED_SPECIMEN	Museo Nacional de Costa Rica (MNCR)	Herbario Nacional de Costa Rica (CR)	147513		C. Berg	CC_BY_4_0		Bello, Erick			2017-02-18T20:37Z		GEODETIC_DATUM_ASSUMED_WGS84	 
45491539	848182d0-f762-11e1-a439-00145eb45e9a		Plantae	Tracheophyta	Magnoliopsida	Ericales	Ericaceae	Macleania	Macleania rupestris		SPECIES	Macleania rupestris (Kunth) A. C. Sm.	CR	R.F. Los Santos Villa Mills...Cerro de la Muerte, 100 m S of Hotel La Georgina Pan American hwy.	036cdc50-e7f5-11d9-9a0e-b8a03c50a862	9.55	-83.72			3200.0	0.0			1990-07-29T02:00Z	29	7	1990	4170327	4170327	PRESERVED_SPECIMEN	Museo Nacional de Costa Rica (MNCR)	Herbario Nacional de Costa Rica (CR)	148845		Morales, Juan Francisco	CC_BY_4_0		Mc Clintock, Tom			2017-02-18T20:37Z		GEODETIC_DATUM_ASSUMED_WGS84	 
45491542	848182d0-f762-11e1-a439-00145eb45e9a		Plantae	Tracheophyta	Magnoliopsida	Ericales	Ericaceae	Macleania	Macleania rupestris		SPECIES	Macleania rupestris (Kunth) A. C. Sm.	CR	R.F. Los Santos Villa Mills...Cerro de la Muerte, 100 m S of Hotel La Georgina Pan American hwy.	036cdc50-e7f5-11d9-9a0e-b8a03c50a862	9.55	-83.72			3100.0	0.0			1990-07-29T02:00Z	29	7	1990	4170327	4170327	PRESERVED_SPECIMEN	Museo Nacional de Costa Rica (MNCR)	Herbario Nacional de Costa Rica (CR)	148864		Morales, Juan Francisco	CC_BY_4_0		Mc Clintock, Tom			2017-02-18T20:37Z		GEODETIC_DATUM_ASSUMED_WGS84	 
45491599	848182d0-f762-11e1-a439-00145eb45e9a		Plantae	Tracheophyta	Magnoliopsida	Rosales	Moraceae	Maclura	Maclura tinctoria		SPECIES	Maclura tinctoria (L.) D. Don ex Steud.	CR	P. N. Corcovado Sirena, Anacardium Trail.	036cdc50-e7f5-11d9-9a0e-b8a03c50a862	8.46	-83.58			25.0	0.0			1989-05-22T02:00Z	22	5	1989	2984583	2984583	PRESERVED_SPECIMEN	Museo Nacional de Costa Rica (MNCR)	Herbario Nacional de Costa Rica (CR)	152314		C. Kernan	CC_BY_4_0		Kernan, C.			2017-02-18T20:37Z		GEODETIC_DATUM_ASSUMED_WGS84	 
45491614	848182d0-f762-11e1-a439-00145eb45e9a		Plantae	Tracheophyta	Magnoliopsida	Ericales	Ericaceae	Macleania	Macleania rupestris		SPECIES	Macleania rupestris (Kunth) A. C. Sm.	CR	San Gerardo de Irazu.	036cdc50-e7f5-11d9-9a0e-b8a03c50a862	9.95	-83.83			2200.0	0.0			1990-05-31T02:00Z	31	5	1990	4170327	4170327	PRESERVED_SPECIMEN	Museo Nacional de Costa Rica (MNCR)	Herbario Nacional de Costa Rica (CR)	153868		Morales, Juan Francisco	CC_BY_4_0		Chacón, Rafael			2017-02-18T20:37Z		GEODETIC_DATUM_ASSUMED_WGS84	 
45491677	848182d0-f762-11e1-a439-00145eb45e9a		Plantae	Tracheophyta	Magnoliopsida	Rosales	Moraceae	Maclura	Maclura tinctoria		SPECIES	Maclura tinctoria (L.) D. Don ex Steud.	CR	P.N. La Cangreja San Martín. Vara Blanca. Bosque primario y secundario en la cima del Cerro La Cangreja.	036cdc50-e7f5-11d9-9a0e-b8a03c50a862	9.72	-84.37			1305.0	0.0			1992-09-08T02:00Z	8	9	1992	2984583	2984583	PRESERVED_SPECIMEN	Museo Nacional de Costa Rica (MNCR)	Herbario Nacional de Costa Rica (CR)	160737		Morales, Juan Francisco	CC_BY_4_0		Morales, Juan Francisco			2017-02-18T20:37Z		GEODETIC_DATUM_ASSUMED_WGS84	 
45491687	848182d0-f762-11e1-a439-00145eb45e9a		Plantae	Tracheophyta	Magnoliopsida	Rosales	Moraceae	Maclura	Maclura tinctoria		SPECIES	Maclura tinctoria (L.) D. Don ex Steud.	CR	P.N. Carara Estación Quebrada Bonita.	036cdc50-e7f5-11d9-9a0e-b8a03c50a862	9.76	-84.6			30.0	0.0			1990-06-26T02:00Z	26	6	1990	2984583	2984583	PRESERVED_SPECIMEN	Museo Nacional de Costa Rica (MNCR)	Herbario Nacional de Costa Rica (CR)	162086		Hammel, Barry E.	CC_BY_4_0		Bello, Erick			2017-02-18T20:37Z		GEODETIC_DATUM_ASSUMED_WGS84	 
45491696	848182d0-f762-11e1-a439-00145eb45e9a		Plantae	Tracheophyta	Magnoliopsida	Rosales	Moraceae	Maclura	Maclura tinctoria		SPECIES	Maclura tinctoria (L.) D. Don ex Steud.	CR	En el pueblo de Escazú.	036cdc50-e7f5-11d9-9a0e-b8a03c50a862	9.91	-84.14			1100.0	0.0			1992-06-29T02:00Z	29	6	1992	2984583	2984583	PRESERVED_SPECIMEN	Museo Nacional de Costa Rica (MNCR)	Herbario Nacional de Costa Rica (CR)	162625		Hammel, Barry E.	CC_BY_4_0		Hammel, Barry E.			2017-02-18T20:37Z		GEODETIC_DATUM_ASSUMED_WGS84	 
45491709	848182d0-f762-11e1-a439-00145eb45e9a		Plantae	Tracheophyta	Magnoliopsida	Rosales	Moraceae	Maclura	Maclura tinctoria		SPECIES	Maclura tinctoria (L.) D. Don ex Steud.	CR	Piro, Jiménez.	036cdc50-e7f5-11d9-9a0e-b8a03c50a862	8.41	-83.34			100.0	0.0			1991-10-14T01:00Z	14	10	1991	2984583	2984583	PRESERVED_SPECIMEN	Museo Nacional de Costa Rica (MNCR)	Herbario Nacional de Costa Rica (CR)	164318		Hammel, Barry E.	CC_BY_4_0		Aguilar, Reinaldo			2017-02-18T20:37Z		GEODETIC_DATUM_ASSUMED_WGS84	 
45491740	848182d0-f762-11e1-a439-00145eb45e9a		Plantae	Tracheophyta	Magnoliopsida	Rosales	Moraceae	Maclura	Maclura tinctoria		SPECIES	Maclura tinctoria (L.) D. Don ex Steud.	CR	Hacienda Sol y Mar.  Finca La Piralica. Sendero al Río Lajas.	036cdc50-e7f5-11d9-9a0e-b8a03c50a862	10.27	-85.13			100.0	0.0			1993-10-21T01:00Z	21	10	1993	2984583	2984583	PRESERVED_SPECIMEN	Museo Nacional de Costa Rica (MNCR)	Herbario Nacional de Costa Rica (CR)	169067		V. Nilsson & G. Umaña	CC_BY_4_0		Chacón, Rafael			2017-02-18T20:37Z		GEODETIC_DATUM_ASSUMED_WGS84	 
45491774	848182d0-f762-11e1-a439-00145eb45e9a		Plantae	Tracheophyta	Magnoliopsida	Ericales	Ericaceae	Macleania	Macleania rupestris		SPECIES	Macleania rupestris (Kunth) A. C. Sm.	CR	R. F. Cord. V. Central Volcán Turrialba; area transición páramo bosque primario en la falda sur.	036cdc50-e7f5-11d9-9a0e-b8a03c50a862	10.0	-83.77			2800.0	0.0			1994-04-29T02:00Z	29	4	1994	4170327	4170327	PRESERVED_SPECIMEN	Museo Nacional de Costa Rica (MNCR)	Herbario Nacional de Costa Rica (CR)	170435		Morales, Juan Francisco	CC_BY_4_0		Morales, Juan Francisco			2017-02-18T20:37Z		GEODETIC_DATUM_ASSUMED_WGS84	 
45491789	848182d0-f762-11e1-a439-00145eb45e9a		Plantae	Tracheophyta	Magnoliopsida	Rosales	Moraceae	Maclura	Maclura tinctoria		SPECIES	Maclura tinctoria (L.) D. Don ex Steud.	CR	P. N. Santa Rosa	036cdc50-e7f5-11d9-9a0e-b8a03c50a862	10.83	-85.61			300.0	0.0			1994-07-13T02:00Z	13	7	1994	2984583	2984583	PRESERVED_SPECIMEN	Museo Nacional de Costa Rica (MNCR)	Herbario Nacional de Costa Rica (CR)	172310		González, José	CC_BY_4_0		González, José			2017-02-18T20:37Z		GEODETIC_DATUM_ASSUMED_WGS84	 
45491817	848182d0-f762-11e1-a439-00145eb45e9a		Plantae	Tracheophyta	Magnoliopsida	Rosales	Moraceae	Maclura	Maclura tinctoria		SPECIES	Maclura tinctoria (L.) D. Don ex Steud.	CR	P. N. Santa Rosa Golfo de Papagayo. Sitio Ojochal.	036cdc50-e7f5-11d9-9a0e-b8a03c50a862	10.79	-85.65			70.0	0.0			1992-07-19T02:00Z	19	7	1992	2984583	2984583	PRESERVED_SPECIMEN	Museo Nacional de Costa Rica (MNCR)	Herbario Nacional de Costa Rica (CR)	174961		Hammel, Barry E.	CC_BY_4_0		Fernández, Álvaro			2017-02-18T20:37Z		GEODETIC_DATUM_ASSUMED_WGS84	 
45491818	848182d0-f762-11e1-a439-00145eb45e9a		Plantae	Tracheophyta	Magnoliopsida	Ericales	Ericaceae	Macleania	Macleania rupestris		SPECIES	Macleania rupestris (Kunth) A. C. Sm.	CR	P.N. Braulio Carrillo Volcán Barva, southern slope. Main trail to Laguna Barva.	036cdc50-e7f5-11d9-9a0e-b8a03c50a862	10.13	-84.1			2725.0	0.0			1993-08-13T02:00Z	13	8	1993	4170327	4170327	PRESERVED_SPECIMEN	Museo Nacional de Costa Rica (MNCR)	Herbario Nacional de Costa Rica (CR)	175103		Morales, Juan Francisco	CC_BY_4_0		Boyle, Brad			2017-02-18T20:37Z		GEODETIC_DATUM_ASSUMED_WGS84	 
45491853	848182d0-f762-11e1-a439-00145eb45e9a		Plantae	Tracheophyta	Magnoliopsida	Rosales	Moraceae	Maclura	Maclura tinctoria		SPECIES	Maclura tinctoria (L.) D. Don ex Steud.	CR	Valle Central; Siguiendo el canal de Puente Mulas hasta el puente de la radial a San Antonio.	036cdc50-e7f5-11d9-9a0e-b8a03c50a862	9.97	-84.19			900.0	0.0			1994-06-12T02:00Z	12	6	1994	2984583	2984583	PRESERVED_SPECIMEN	Museo Nacional de Costa Rica (MNCR)	Herbario Nacional de Costa Rica (CR)	178009		González, José	CC_BY_4_0		González, José			2017-02-18T20:37Z		GEODETIC_DATUM_ASSUMED_WGS84	 
45491864	848182d0-f762-11e1-a439-00145eb45e9a		Plantae	Tracheophyta	Magnoliopsida	Rosales	Moraceae	Maclura	Maclura tinctoria		SPECIES	Maclura tinctoria (L.) D. Don ex Steud.	CR	P. N. Palo Verde Borde del camino principal. Por Tajo Jocote.	036cdc50-e7f5-11d9-9a0e-b8a03c50a862	10.38	-85.31			15.0	0.0			1992-06-24T02:00Z	24	6	1992	2984583	2984583	PRESERVED_SPECIMEN	Museo Nacional de Costa Rica (MNCR)	Herbario Nacional de Costa Rica (CR)	178792		Chavarría, Ulises	CC_BY_4_0		Chavarría, Ulises			2017-02-18T20:37Z		GEODETIC_DATUM_ASSUMED_WGS84	 
45491923	848182d0-f762-11e1-a439-00145eb45e9a		Plantae	Tracheophyta	Magnoliopsida	Rosales	Moraceae	Maclura	Maclura tinctoria		SPECIES	Maclura tinctoria (L.) D. Don ex Steud.	CR	Pacífico Norte. Pilas de Bejuco. Finca de Benigno Mayorga.	036cdc50-e7f5-11d9-9a0e-b8a03c50a862	9.84	-85.34			60.0	0.0			1994-07-24T02:00Z	24	7	1994	2984583	2984583	PRESERVED_SPECIMEN	Museo Nacional de Costa Rica (MNCR)	Herbario Nacional de Costa Rica (CR)	184939		Estrada, Armando	CC_BY_4_0		Estrada, Armando			2017-02-18T20:37Z		GEODETIC_DATUM_ASSUMED_WGS84	 
45491933	84de00a0-f762-11e1-a439-00145eb45e9a	DAV:Herbarium:13335	Plantae	Tracheophyta	Magnoliopsida	Vitales	Vitaceae	Vitis	Vitis californica		SPECIES	Vitis californica Benth.	US	Solano CO. Cold Canyon.  T8N, R2W,Sect. 28, SW1/4. Elev. 400 ft.	f0b6a090-a4c6-11d8-9534-b8a03c50a862	38.5025	-122.099444							1989-05-29T02:00Z	29	5	1989	5372406	5372406	PRESERVED_SPECIMEN	DAV	Herbarium	13335	15		CC0_1_0		M. Winthrop			2017-03-25T09:42Z		COORDINATE_ROUNDED	 
45491934	84de00a0-f762-11e1-a439-00145eb45e9a	DAV:Herbarium:13337	Plantae	Tracheophyta	Magnoliopsida	Vitales	Vitaceae	Vitis	Vitis californica		SPECIES	Vitis californica Benth.	US	Solano CO. Cold Canyon.  T8N, R2W,Sect. 28, SW1/4. Elev. 400 ft.	f0b6a090-a4c6-11d8-9534-b8a03c50a862	38.5025	-122.099444							1989-05-27T02:00Z	27	5	1989	5372406	5372406	PRESERVED_SPECIMEN	DAV	Herbarium	13337	140		CC0_1_0		Kristy S. Howard			2017-03-24T11:11Z		COORDINATE_ROUNDED	 
45492005	848182d0-f762-11e1-a439-00145eb45e9a		Plantae	Tracheophyta	Magnoliopsida	Rosales	Moraceae	Maclura	Maclura tinctoria		SPECIES	Maclura tinctoria (L.) D. Don ex Steud.	CR	Península de Osa. 1 km antes de llegar a La Palma, camino Puerto Jiménez.	036cdc50-e7f5-11d9-9a0e-b8a03c50a862	8.64	-83.41			50.0	0.0			1993-04-18T02:00Z	18	4	1993	2984583	2984583	PRESERVED_SPECIMEN	Museo Nacional de Costa Rica (MNCR)	Herbario Nacional de Costa Rica (CR)	187085		Aguilar, Reinaldo	CC_BY_4_0		Aguilar, Reinaldo			2017-02-18T20:37Z		GEODETIC_DATUM_ASSUMED_WGS84	 
45492031	848182d0-f762-11e1-a439-00145eb45e9a		Plantae	Tracheophyta	Magnoliopsida	Rosales	Moraceae	Maclura	Maclura tinctoria		SPECIES	Maclura tinctoria (L.) D. Don ex Steud.	CR	Valle Central, potreros y cafetales abandonados al este del Liceo de Belén.	036cdc50-e7f5-11d9-9a0e-b8a03c50a862	9.98	-84.18			960.0	0.0			1994-09-18T02:00Z	18	9	1994	2984583	2984583	PRESERVED_SPECIMEN	Museo Nacional de Costa Rica (MNCR)	Herbario Nacional de Costa Rica (CR)	187909		González, José	CC_BY_4_0		González, José			2017-02-18T20:37Z		GEODETIC_DATUM_ASSUMED_WGS84	 
45492158	848182d0-f762-11e1-a439-00145eb45e9a		Plantae	Tracheophyta	Magnoliopsida	Rosales	Moraceae	Maclura	Maclura tinctoria		SPECIES	Maclura tinctoria (L.) D. Don ex Steud.	CR	Curú. Semideciduous forest in uplands; evergreen forest in canyon & wet areas; deciduous forest on exposed bluffs; pasture & orchards on central flat; mangroves at Río Curú, mouth.	036cdc50-e7f5-11d9-9a0e-b8a03c50a862	9.76	-84.9			100.0	0.0			1995-09-08T02:00Z	8	9	1995	2984583	2984583	PRESERVED_SPECIMEN	Museo Nacional de Costa Rica (MNCR)	Herbario Nacional de Costa Rica (CR)	193653			CC_BY_4_0		Sanders, A. C.			2017-02-18T20:37Z		GEODETIC_DATUM_ASSUMED_WGS84	 
45492171	848182d0-f762-11e1-a439-00145eb45e9a		Plantae	Tracheophyta	Magnoliopsida	Rosales	Moraceae	Maclura	Maclura tinctoria		SPECIES	Maclura tinctoria (L.) D. Don ex Steud.	CR	P.N. Barra Honda Península de Nicoya. Estación Barra Honda. Sendero el Mirador falda sur del Cerro Barra Honda.	036cdc50-e7f5-11d9-9a0e-b8a03c50a862	10.16	-85.36			350.0	0.0			1993-09-09T02:00Z	9	9	1993	2984583	2984583	PRESERVED_SPECIMEN	Museo Nacional de Costa Rica (MNCR)	Herbario Nacional de Costa Rica (CR)	194337		González, José	CC_BY_4_0		Reyes, Marielos			2017-02-18T20:37Z		GEODETIC_DATUM_ASSUMED_WGS84	 
45492183	848182d0-f762-11e1-a439-00145eb45e9a		Plantae	Tracheophyta	Magnoliopsida	Fabales	Fabaceae	Macroptilium	Macroptilium lathyroides		SPECIES	Macroptilium lathyroides (L.) Urb.	CR	P. N. Palo Verde Valle del Tempisque. Puerto Chamorro y camino principal.	036cdc50-e7f5-11d9-9a0e-b8a03c50a862	10.34	-85.41			1.0	0.0			1995-11-24T01:00Z	24	11	1995	2945063	2945063	PRESERVED_SPECIMEN	Museo Nacional de Costa Rica (MNCR)	Herbario Nacional de Costa Rica (CR)	194806		Zamora, Nelson	CC_BY_4_0		Chavarría, Ulises			2017-02-18T20:40Z		GEODETIC_DATUM_ASSUMED_WGS84	 
45492204	848182d0-f762-11e1-a439-00145eb45e9a		Plantae	Tracheophyta	Magnoliopsida	Ericales	Ericaceae	Macleania	Macleania rupestris		SPECIES	Macleania rupestris (Kunth) A. C. Sm.	CR	R.F. Los Santos Jaboncillos, Cerro de la Muerte por la Carretera Interamericana	036cdc50-e7f5-11d9-9a0e-b8a03c50a862	9.6	-83.78			3200.0	0.0			1996-06-01T02:00Z	1	6	1996	4170327	4170327	PRESERVED_SPECIMEN	Museo Nacional de Costa Rica (MNCR)	Herbario Nacional de Costa Rica (CR)	196101		L. van omme	CC_BY_4_0		van Omme, Liz			2017-02-18T20:37Z		GEODETIC_DATUM_ASSUMED_WGS84	 
45492215	848182d0-f762-11e1-a439-00145eb45e9a		Plantae	Tracheophyta	Magnoliopsida	Ericales	Ericaceae	Macleania	Macleania rupestris		SPECIES	Macleania rupestris (Kunth) A. C. Sm.	CR	La Damita. Reserva Forestal Río Macho. Cordillera de Talamanca.	036cdc50-e7f5-11d9-9a0e-b8a03c50a862	9.7	-83.91			2430.0	0.0			1996-05-23T02:00Z	23	5	1996	4170327	4170327	PRESERVED_SPECIMEN	Museo Nacional de Costa Rica (MNCR)	Herbario Nacional de Costa Rica (CR)	196218		M. oosterhoorn & l.van. Omme	CC_BY_4_0		Oosterhoorn, M.			2017-02-18T20:37Z		GEODETIC_DATUM_ASSUMED_WGS84	 
45492358	848182d0-f762-11e1-a439-00145eb45e9a		Plantae	Tracheophyta	Magnoliopsida	Rosales	Moraceae	Maclura	Maclura tinctoria		SPECIES	Maclura tinctoria (L.) D. Don ex Steud.	CR	P. N. Santa Rosa Península de Santa Elena. Alrededor del aeropuerto. Murciélago.	036cdc50-e7f5-11d9-9a0e-b8a03c50a862	10.9	-85.73			50.0	0.0			1994-09-17T02:00Z	17	9	1994	2984583	2984583	PRESERVED_SPECIMEN	Museo Nacional de Costa Rica (MNCR)	Herbario Nacional de Costa Rica (CR)	200698		Jiménez, Quírico	CC_BY_4_0		Carolina Cano			2017-02-18T20:37Z		GEODETIC_DATUM_ASSUMED_WGS84	 
45492368	848182d0-f762-11e1-a439-00145eb45e9a		Plantae	Tracheophyta	Magnoliopsida	Ericales	Ericaceae	Macleania	Macleania rupestris		SPECIES	Macleania rupestris (Kunth) A. C. Sm.	CR	Z. P. Cerros de Escazú Bosque primario y secundario en la falda SE del Alto Hierbabuena.	036cdc50-e7f5-11d9-9a0e-b8a03c50a862	9.84	-84.12			2025.0	75.0			1993-04-17T02:00Z	17	4	1993	4170327	4170327	PRESERVED_SPECIMEN	Museo Nacional de Costa Rica (MNCR)	Herbario Nacional de Costa Rica (CR)	200948		Luteyn, James L.	CC_BY_4_0		Morales, Juan Francisco			2017-02-18T20:37Z		GEODETIC_DATUM_ASSUMED_WGS84	 
45492441	848182d0-f762-11e1-a439-00145eb45e9a		Plantae	Tracheophyta	Magnoliopsida	Ericales	Ericaceae	Macleania	Macleania rupestris		SPECIES	Macleania rupestris (Kunth) A. C. Sm.	CR	Robledales alterados y potreros por el cruce a Chirogres.	036cdc50-e7f5-11d9-9a0e-b8a03c50a862	9.82	-84.1			1850.0	0.0			1994-01-22T01:00Z	22	1	1994	4170327	4170327	PRESERVED_SPECIMEN	Museo Nacional de Costa Rica (MNCR)	Herbario Nacional de Costa Rica (CR)	206066		Morales, Juan Francisco	CC_BY_4_0		Morales, Juan Francisco			2017-02-18T20:37Z		GEODETIC_DATUM_ASSUMED_WGS84	 
45492455	848182d0-f762-11e1-a439-00145eb45e9a		Plantae	Tracheophyta	Magnoliopsida	Ericales	Ericaceae	Macleania	Macleania rupestris		SPECIES	Macleania rupestris (Kunth) A. C. Sm.	CR	P.I. La Amistad Cordillera de Talamanca. Sendero Herradura, que sube a fila Uran.	036cdc50-e7f5-11d9-9a0e-b8a03c50a862	9.52	-83.59			2700.0	0.0			1995-04-06T02:00Z	6	4	1995	4170327	4170327	PRESERVED_SPECIMEN	Museo Nacional de Costa Rica (MNCR)	Herbario Nacional de Costa Rica (CR)	206534		Morales, Juan Francisco	CC_BY_4_0		Aguilar, Reinaldo			2017-02-18T20:37Z		GEODETIC_DATUM_ASSUMED_WGS84	 
45492492	848182d0-f762-11e1-a439-00145eb45e9a		Plantae	Tracheophyta	Magnoliopsida	Ericales	Ericaceae	Macleania	Macleania rupestris		SPECIES	Macleania rupestris (Kunth) A. C. Sm.	CR	E.B. Cuericí Vicinity of Albuergue Cuerici, Alto Jaular, ca. 7 km E of Intermaerican Highway by road (4 km directly east of Siberia). Oak forest and pasturelands.	036cdc50-e7f5-11d9-9a0e-b8a03c50a862	9.55	-83.68			2700.0	0.0			1994-07-13T02:00Z	13	7	1994	4170327	4170327	PRESERVED_SPECIMEN	Museo Nacional de Costa Rica (MNCR)	Herbario Nacional de Costa Rica (CR)	210136		Luteyn, James L.	CC_BY_4_0		Kress, W. John			2017-02-18T20:37Z		GEODETIC_DATUM_ASSUMED_WGS84	 
45492517	848182d0-f762-11e1-a439-00145eb45e9a		Plantae	Tracheophyta	Magnoliopsida	Ericales	Ericaceae	Macleania	Macleania rupestris		SPECIES	Macleania rupestris (Kunth) A. C. Sm.	CR	R.B. Cerro Las Vueltas	036cdc50-e7f5-11d9-9a0e-b8a03c50a862	9.62	-83.85			3160.0	0.0			1997-07-17T02:00Z	17	7	1997	4170327	4170327	PRESERVED_SPECIMEN	Museo Nacional de Costa Rica (MNCR)	Herbario Nacional de Costa Rica (CR)	211357		Estrada, Armando	CC_BY_4_0		Estrada, Armando			2017-02-18T20:37Z		GEODETIC_DATUM_ASSUMED_WGS84	 
45492528	848182d0-f762-11e1-a439-00145eb45e9a		Plantae	Tracheophyta	Magnoliopsida	Rosales	Moraceae	Maclura	Maclura tinctoria		SPECIES	Maclura tinctoria (L.) D. Don ex Steud.	NI	Chontales. Hacienda Corpus, W of Juigalpa; rocky pasture forest remnants and gallery forest.	036cdc50-e7f5-11d9-9a0e-b8a03c50a862	12.11	-85.46			100.0	0.0			1983-07-24T02:00Z	24	7	1983	2984583	2984583	PRESERVED_SPECIMEN	Museo Nacional de Costa Rica (MNCR)	Herbario Nacional de Costa Rica (CR)	211436		Pool, Amy	CC_BY_4_0		Stevens, Warren D.			2017-02-18T20:37Z		GEODETIC_DATUM_ASSUMED_WGS84	 
45492533	848182d0-f762-11e1-a439-00145eb45e9a		Plantae	Tracheophyta	Magnoliopsida	Rosales	Moraceae	Maclura	Maclura tinctoria		SPECIES	Maclura tinctoria (L.) D. Don ex Steud.	NI	Ca. 4.5 km NNW of Hwy 12 along road on ridge of Sierra de Mateare. Roadside.	036cdc50-e7f5-11d9-9a0e-b8a03c50a862	12.11	-86.38			430.0	0.0			1978-07-08T01:00Z	8	7	1978	2984583	2984583	PRESERVED_SPECIMEN	Museo Nacional de Costa Rica (MNCR)	Herbario Nacional de Costa Rica (CR)	211607		Pool, Amy	CC_BY_4_0		Stevens, Warren D.			2017-02-18T20:37Z		GEODETIC_DATUM_ASSUMED_WGS84	 
45492611	848182d0-f762-11e1-a439-00145eb45e9a		Plantae	Tracheophyta	Magnoliopsida	Rosales	Moraceae	Maclura	Maclura tinctoria		SPECIES	Maclura tinctoria (L.) D. Don ex Steud.	MX	Región Calakmul. Mpio. Calakmul. Loc. A 11 km al S de la entrada a Calakmul. Veg. Alterada de Selva mediana subcaducifolia.	036cdc50-e7f5-11d9-9a0e-b8a03c50a862	18.44	-89.88			230.0	0.0			1997-07-11T02:00Z	11	7	1997	2984583	2984583	PRESERVED_SPECIMEN	Museo Nacional de Costa Rica (MNCR)	Herbario Nacional de Costa Rica (CR)	216117		Ruiz, Armando	CC_BY_4_0		Martínez, Esteban			2017-02-18T20:37Z		GEODETIC_DATUM_ASSUMED_WGS84	 
45492666	848182d0-f762-11e1-a439-00145eb45e9a		Plantae	Tracheophyta	Magnoliopsida	Ericales	Ericaceae	Macleania	Macleania rupestris		SPECIES	Macleania rupestris (Kunth) A. C. Sm.	CR	Cordillera de Talamanca. Finca el sitio, sendero a la catarata. Bosque primario y potreros 3 km Este Villa Mills.	036cdc50-e7f5-11d9-9a0e-b8a03c50a862	9.57	-83.68			2650.0	0.0			1996-03-02T01:00Z	2	3	1996	4170327	4170327	PRESERVED_SPECIMEN	Museo Nacional de Costa Rica (MNCR)	Herbario Nacional de Costa Rica (CR)	218187		Morales, Juan Francisco	CC_BY_4_0		Picado, Annia			2017-02-18T20:37Z		GEODETIC_DATUM_ASSUMED_WGS84	 
45492712	848182d0-f762-11e1-a439-00145eb45e9a		Plantae	Tracheophyta	Magnoliopsida	Ericales	Ericaceae	Macleania	Macleania rupestris		SPECIES	Macleania rupestris (Kunth) A. C. Sm.	CR	Cerro de la Muerte, carretera Interamericana km 93-94. Cuenca del Savegre.	036cdc50-e7f5-11d9-9a0e-b8a03c50a862	9.57	-83.73			3200.0	0.0			1996-09-06T02:00Z	6	9	1996	4170327	4170327	PRESERVED_SPECIMEN	Museo Nacional de Costa Rica (MNCR)	Herbario Nacional de Costa Rica (CR)	220728		Rodríguez, Alexánder	CC_BY_4_0		Rodríguez, Alexánder			2017-02-18T20:37Z		GEODETIC_DATUM_ASSUMED_WGS84	 
45492713	848182d0-f762-11e1-a439-00145eb45e9a		Plantae	Tracheophyta	Magnoliopsida	Ericales	Ericaceae	Macleania	Macleania rupestris		SPECIES	Macleania rupestris (Kunth) A. C. Sm.	CR	Cerro de la Muerte, carretera Interamericana km 93-94. Cuenca del Savegre.	036cdc50-e7f5-11d9-9a0e-b8a03c50a862	9.57	-83.73			3200.0	0.0			1996-09-06T02:00Z	6	9	1996	4170327	4170327	PRESERVED_SPECIMEN	Museo Nacional de Costa Rica (MNCR)	Herbario Nacional de Costa Rica (CR)	220729		Rodríguez, Alexánder	CC_BY_4_0		Rodríguez, Alexánder			2017-02-18T20:37Z		GEODETIC_DATUM_ASSUMED_WGS84	 
45492752	848182d0-f762-11e1-a439-00145eb45e9a		Plantae	Tracheophyta	Magnoliopsida	Ericales	Ericaceae	Macleania	Macleania rupestris		SPECIES	Macleania rupestris (Kunth) A. C. Sm.	CR	R. F. Los Santos Entre el Empalme y Cañon, sobre la carretera Interamericana km 56-57. Cuenca Pirris-Damas.	036cdc50-e7f5-11d9-9a0e-b8a03c50a862	9.7	-83.94			2500.0	0.0			1997-04-23T02:00Z	23	4	1997	4170327	4170327	PRESERVED_SPECIMEN	Museo Nacional de Costa Rica (MNCR)	Herbario Nacional de Costa Rica (CR)	223405		Rodríguez, Alexánder	CC_BY_4_0		Rodríguez, Alexánder			2017-02-18T20:37Z		GEODETIC_DATUM_ASSUMED_WGS84	 
45492867	848182d0-f762-11e1-a439-00145eb45e9a		Plantae	Tracheophyta	Magnoliopsida	Rosales	Moraceae	Maclura	Maclura tinctoria		SPECIES	Maclura tinctoria (L.) D. Don ex Steud.	CR	P. N. Piedras Blancas P.N.Piedras Blancas, Palmar Norte, Interamericana.	036cdc50-e7f5-11d9-9a0e-b8a03c50a862	8.68	-83.21			70.0	0.0			2001-07-10T02:00Z	10	7	2001	2984583	2984583	PRESERVED_SPECIMEN	Museo Nacional de Costa Rica (MNCR)	Herbario Nacional de Costa Rica (CR)	232749		Ruiz, Armando	CC_BY_4_0		Huber, Werner			2017-02-18T20:37Z		GEODETIC_DATUM_ASSUMED_WGS84	 
45493892	84de00a0-f762-11e1-a439-00145eb45e9a	DAV:Herbarium:18911	Plantae	Tracheophyta	Magnoliopsida	Vitales	Vitaceae	Vitis	Vitis californica		SPECIES	Vitis californica Benth.	US	STEBBINS COLD CANYON RESERVE.  South of CA 128 just east of Monticello Dam on Lake Berryessa, 7 mi. W of Winters.	f0b6a090-a4c6-11d8-9534-b8a03c50a862	38.5025	-122.099444							1999-07-06T02:00Z	6	7	1999	5372406	5372406	PRESERVED_SPECIMEN	DAV	Herbarium	18911	536		CC0_1_0		Ellen A. Dean			2017-03-24T11:11Z		COORDINATE_ROUNDED	 
45493957	848182d0-f762-11e1-a439-00145eb45e9a		Plantae	Tracheophyta	Magnoliopsida	Ericales	Ericaceae	Macleania	Macleania rupestris		SPECIES	Macleania rupestris (Kunth) A. C. Sm.	CR	R. F. Los Santos A 1 km  de la entrada de Madre Selva.	036cdc50-e7f5-11d9-9a0e-b8a03c50a862	9.66	-83.88			2600.0	0.0			1999-01-28T01:00Z	28	1	1999	4170327	4170327	PRESERVED_SPECIMEN	Museo Nacional de Costa Rica (MNCR)	Herbario Nacional de Costa Rica (CR)	235552		Rodríguez, Alexánder	CC_BY_4_0		Hurtado, Priscila			2017-02-18T20:37Z		GEODETIC_DATUM_ASSUMED_WGS84	 
45493969	84de00a0-f762-11e1-a439-00145eb45e9a	DAV:Herbarium:20579	Plantae	Tracheophyta	Magnoliopsida	Vitales	Vitaceae	Vitis	Vitis californica		SPECIES	Vitis californica Benth.	US	Yolo County: East of McLaughlin UC Reserve and Davis resevoir.  West of Cache Creek drainage.  Along Rayhouse Road 2.5 road miles E of jct with road to Soda Springs and gate into McLaughlin reserve.	f0b6a090-a4c6-11d8-9534-b8a03c50a862	38.873333	-122.338889							2002-07-05T02:00Z	5	7	2002	5372406	5372406	PRESERVED_SPECIMEN	DAV	Herbarium	20579	1122		CC0_1_0		E. Dean			2017-03-25T09:42Z		COORDINATE_ROUNDED;GEODETIC_DATUM_ASSUMED_WGS84	 
45493975	84de00a0-f762-11e1-a439-00145eb45e9a	DAV:Herbarium:20761	Plantae	Tracheophyta	Magnoliopsida	Asterales	Asteraceae	Xanthium	Xanthium strumarium		SPECIES	Xanthium strumarium L.	US	Napa County: McLaughlin UC Reserve.  S of the reserve near Hunting Creek campground where Hunting Creek Rd. crosses the Creek.  100 yards downstream of the campground.	f0b6a090-a4c6-11d8-9534-b8a03c50a862	38.807222	-122.376944							2002-08-29T02:00Z	29	8	2002	3089154	3089154	PRESERVED_SPECIMEN	DAV	Herbarium	20761	111		CC0_1_0		M. Bibbo			2017-02-20T13:10Z		COORDINATE_ROUNDED;GEODETIC_DATUM_ASSUMED_WGS84	 
45494023	848182d0-f762-11e1-a439-00145eb45e9a		Plantae	Tracheophyta	Magnoliopsida	Rosales	Moraceae	Maclura	Maclura tinctoria		SPECIES	Maclura tinctoria (L.) D. Don ex Steud.	CR	P.N. Palo Verde Sendero Guayacán puesto de guardaparques. Selva baja caducifolia.	036cdc50-e7f5-11d9-9a0e-b8a03c50a862	10.34	-85.34			15.0	0.0			2003-06-29T02:00Z	29	6	2003	2984583	2984583	PRESERVED_SPECIMEN	Museo Nacional de Costa Rica (MNCR)	Herbario Nacional de Costa Rica (CR)	236994		Chavarría, Ulises	CC_BY_4_0		Moran, Robbin C.			2017-02-18T20:37Z		GEODETIC_DATUM_ASSUMED_WGS84	 
45494032	848182d0-f762-11e1-a439-00145eb45e9a		Plantae	Tracheophyta	Magnoliopsida	Ericales	Ericaceae	Macleania	Macleania rupestris		SPECIES	Macleania rupestris (Kunth) A. C. Sm.	CR	E.B. Cuericí Cerro de la Muerte, páramo de Cuericí. Bosque montano muy húmedo.	036cdc50-e7f5-11d9-9a0e-b8a03c50a862	9.55	-83.75			3465.0	0.0			2003-06-24T02:00Z	24	6	2003	4170327	4170327	PRESERVED_SPECIMEN	Museo Nacional de Costa Rica (MNCR)	Herbario Nacional de Costa Rica (CR)	237013			CC_BY_4_0		Moran, Robbin C.			2017-02-18T20:37Z		GEODETIC_DATUM_ASSUMED_WGS84	 
45494105	848182d0-f762-11e1-a439-00145eb45e9a		Plantae	Tracheophyta	Magnoliopsida	Ericales	Ericaceae	Macleania	Macleania rupestris		SPECIES	Macleania rupestris (Kunth) A. C. Sm.	CR	Ca. 10 Km S of Empalme on Interamerican Hghway.	036cdc50-e7f5-11d9-9a0e-b8a03c50a862	9.69	-83.9			2500.0	0.0			1994-08-05T02:00Z	5	8	1994	4170327	4170327	PRESERVED_SPECIMEN	Museo Nacional de Costa Rica (MNCR)	Herbario Nacional de Costa Rica (CR)	239481		Luteyn, James L.	CC_BY_4_0		Alverson, William S.			2017-02-18T20:37Z		GEODETIC_DATUM_ASSUMED_WGS84	 
45494108	84de00a0-f762-11e1-a439-00145eb45e9a	DAV:Herbarium:24357	Plantae	Tracheophyta	Magnoliopsida	Magnoliales	Annonaceae	Xylopia	Xylopia frutescens		SPECIES	Xylopia frutescens Aubl.	BZ	In the lowlands near the northeastern Bladen Nature Reserve, beside an old logging road to the Trio Branch.	f0b6a090-a4c6-11d8-9534-b8a03c50a862	16.55	-88.7							1999-01-03T01:00Z	3	1	1999	3157107	3157107	PRESERVED_SPECIMEN	DAV	Herbarium	24357	383	det. by SW Brewer  2000	CC0_1_0		SW Brewer & M Rejmanek			2017-02-20T13:19Z		GEODETIC_DATUM_ASSUMED_WGS84	 
45494121	84de00a0-f762-11e1-a439-00145eb45e9a	DAV:Herbarium:24435	Plantae	Tracheophyta	Magnoliopsida	Magnoliales	Annonaceae	Xylopia	Xylopia frutescens		SPECIES	Xylopia frutescens Aubl.	BZ	Tree no. 1174 in Plot 2 in the lowlands of the northeastern BNR.	f0b6a090-a4c6-11d8-9534-b8a03c50a862	16.55	-88.716667							1997-06-01T02:00Z	1	6	1997	3157107	3157107	PRESERVED_SPECIMEN	DAV	Herbarium	24435	716	det. by SW Brewer  2000	CC0_1_0		Steven W. Brewer			2017-02-20T13:19Z		COORDINATE_ROUNDED;GEODETIC_DATUM_ASSUMED_WGS84	 
45494297	84de00a0-f762-11e1-a439-00145eb45e9a	DAV:Herbarium:42559	Plantae	Tracheophyta	Magnoliopsida	Vitales	Vitaceae	Vitis	Vitis arizonica		SPECIES	Vitis arizonica Engelm.	US	0.2mi west of Madera Canyon Picnic Area on Continental Road.	f0b6a090-a4c6-11d8-9534-b8a03c50a862	31.731111	-110.880556							2004-05-14T02:00Z	14	5	2004	5372420	5372420	PRESERVED_SPECIMEN	DAV	Herbarium	42559	A01		CC0_1_0		Andy Walker & Eric Wada			2017-03-25T09:42Z		COORDINATE_ROUNDED;GEODETIC_DATUM_ASSUMED_WGS84	 
45494302	848182d0-f762-11e1-a439-00145eb45e9a		Plantae	Tracheophyta	Magnoliopsida	Ericales	Ericaceae	Macleania	Macleania rupestris		SPECIES	Macleania rupestris (Kunth) A. C. Sm.	CR	R.B. Cerro Las Vueltas Cerro Vueltas. 4.7 Km SE de Dos Amigos.	036cdc50-e7f5-11d9-9a0e-b8a03c50a862	9.61	-83.86			3071.0	0.0			2001-02-21T01:00Z	21	2	2001	4170327	4170327	PRESERVED_SPECIMEN	Museo Nacional de Costa Rica (MNCR)	Herbario Nacional de Costa Rica (CR)	242660		Rodríguez, Alexánder	CC_BY_4_0		Rodríguez, Alexánder			2017-02-18T20:37Z		GEODETIC_DATUM_ASSUMED_WGS84	 
45494401	84de00a0-f762-11e1-a439-00145eb45e9a	DAV:Herbarium:42560	Plantae	Tracheophyta	Magnoliopsida	Vitales	Vitaceae	Vitis	Vitis arizonica		SPECIES	Vitis arizonica Engelm.	US	0.2mi west of Madera Canyon Picnic Area on Continental Road.	f0b6a090-a4c6-11d8-9534-b8a03c50a862	31.731111	-110.880556							2004-05-14T02:00Z	14	5	2004	5372420	5372420	PRESERVED_SPECIMEN	DAV	Herbarium	42560	A03		CC0_1_0		Andy Walker & Eric Wada			2017-03-25T09:42Z		COORDINATE_ROUNDED;GEODETIC_DATUM_ASSUMED_WGS84	 
45494402	84de00a0-f762-11e1-a439-00145eb45e9a	DAV:Herbarium:42561	Plantae	Tracheophyta	Magnoliopsida	Vitales	Vitaceae	Vitis	Vitis arizonica		SPECIES	Vitis arizonica Engelm.	US	0.2mi west of Madera Canyon Picnic Area on Continental Road.	f0b6a090-a4c6-11d8-9534-b8a03c50a862	31.731111	-110.880556							2004-05-14T02:00Z	14	5	2004	5372420	5372420	PRESERVED_SPECIMEN	DAV	Herbarium	42561	A04		CC0_1_0		Andy Walker & Eric Wada			2017-03-24T11:11Z		COORDINATE_ROUNDED;GEODETIC_DATUM_ASSUMED_WGS84	 
45494404	84de00a0-f762-11e1-a439-00145eb45e9a	DAV:Herbarium:42562	Plantae	Tracheophyta	Magnoliopsida	Vitales	Vitaceae	Vitis	Vitis arizonica		SPECIES	Vitis arizonica Engelm.	US	ca. 1mi north of Nogales city limit on SR82 growing on a road overpass.	f0b6a090-a4c6-11d8-9534-b8a03c50a862	31.370833	-110.8925							2004-05-14T02:00Z	14	5	2004	5372420	5372420	PRESERVED_SPECIMEN	DAV	Herbarium	42562	A14		CC0_1_0		Andy Walker & Eric Wada			2017-03-24T11:11Z		COORDINATE_ROUNDED;GEODETIC_DATUM_ASSUMED_WGS84	 
45494406	84de00a0-f762-11e1-a439-00145eb45e9a	DAV:Herbarium:42563	Plantae	Tracheophyta	Magnoliopsida	Vitales	Vitaceae	Vitis	Vitis arizonica		SPECIES	Vitis arizonica Engelm.	US	ca. 1mi north of Nogales city limit on SR82 growing on a road overpass.	f0b6a090-a4c6-11d8-9534-b8a03c50a862	31.370833	-110.8925							2004-05-14T02:00Z	14	5	2004	5372420	5372420	PRESERVED_SPECIMEN	DAV	Herbarium	42563	A15		CC0_1_0		Andy Walker & Eric Wada			2017-03-24T11:11Z		COORDINATE_ROUNDED;GEODETIC_DATUM_ASSUMED_WGS84	 
45494409	84de00a0-f762-11e1-a439-00145eb45e9a	DAV:Herbarium:42564	Plantae	Tracheophyta	Magnoliopsida	Vitales	Vitaceae	Vitis	Vitis arizonica		SPECIES	Vitis arizonica Engelm.	US	ca.0.8mi west of junction of FR58 and FR765.	f0b6a090-a4c6-11d8-9534-b8a03c50a862	31.457222	-110.663056							2004-05-14T02:00Z	14	5	2004	5372420	5372420	PRESERVED_SPECIMEN	DAV	Herbarium	42564	A21		CC0_1_0		Andy Walker & Eric Wada			2017-03-25T09:42Z		COORDINATE_ROUNDED;GEODETIC_DATUM_ASSUMED_WGS84	 
45494410	84de00a0-f762-11e1-a439-00145eb45e9a	DAV:Herbarium:42565	Plantae	Tracheophyta	Magnoliopsida	Vitales	Vitaceae	Vitis	Vitis arizonica		SPECIES	Vitis arizonica Engelm.	US	ca. 4mi southeast of Chiricahua Monument on Pinery Creek Road.	f0b6a090-a4c6-11d8-9534-b8a03c50a862	31.976389	-109.358889							2004-05-14T02:00Z	14	5	2004	5372420	5372420	PRESERVED_SPECIMEN	DAV	Herbarium	42565	A28		CC0_1_0		Andy Walker & Eric Wada			2017-03-24T11:11Z		COORDINATE_ROUNDED;GEODETIC_DATUM_ASSUMED_WGS84	 
45494412	84de00a0-f762-11e1-a439-00145eb45e9a	DAV:Herbarium:42566	Plantae	Tracheophyta	Magnoliopsida	Vitales	Vitaceae	Vitis	Vitis arizonica		SPECIES	Vitis arizonica Engelm.	US	ca. 5.8mi southeast of Chiricahua Monument on Pinery Creek Road.	f0b6a090-a4c6-11d8-9534-b8a03c50a862	31.971111	-109.328611							2004-05-14T02:00Z	14	5	2004	5372420	5372420	PRESERVED_SPECIMEN	DAV	Herbarium	42566	A31		CC0_1_0		Andy Walker & Eric Wada			2017-03-24T11:11Z		COORDINATE_ROUNDED;GEODETIC_DATUM_ASSUMED_WGS84	 
45494414	84de00a0-f762-11e1-a439-00145eb45e9a	DAV:Herbarium:42567	Plantae	Tracheophyta	Magnoliopsida	Vitales	Vitaceae	Vitis	Vitis arizonica		SPECIES	Vitis arizonica Engelm.	US	ca. 8.1mi southeast of Chiricahua Monument on Pinery Creek Road.	f0b6a090-a4c6-11d8-9534-b8a03c50a862	31.944722	-109.301944							2004-05-14T02:00Z	14	5	2004	5372420	5372420	PRESERVED_SPECIMEN	DAV	Herbarium	42567	A35		CC0_1_0		Andy Walker & Eric Wada			2017-03-24T11:11Z		COORDINATE_ROUNDED;GEODETIC_DATUM_ASSUMED_WGS84	 
45494416	84de00a0-f762-11e1-a439-00145eb45e9a	DAV:Herbarium:42568	Plantae	Tracheophyta	Magnoliopsida	Vitales	Vitaceae	Vitis	Vitis arizonica		SPECIES	Vitis arizonica Engelm.	US	ca. 11.9mi southeast of Chiricahua Monument on Pinery Creek Road.	f0b6a090-a4c6-11d8-9534-b8a03c50a862	31.931389	-109.265278							2004-05-14T02:00Z	14	5	2004	5372420	5372420	PRESERVED_SPECIMEN	DAV	Herbarium	42568	A40		CC0_1_0		Andy Walker & Eric Wada			2017-03-24T11:11Z		COORDINATE_ROUNDED;GEODETIC_DATUM_ASSUMED_WGS84	 
45494417	84de00a0-f762-11e1-a439-00145eb45e9a	DAV:Herbarium:42569	Plantae	Tracheophyta	Magnoliopsida	Vitales	Vitaceae	Vitis	Vitis arizonica		SPECIES	Vitis arizonica Engelm.	US	ca. 1mi north of the Clifton copper mine along US191.	f0b6a090-a4c6-11d8-9534-b8a03c50a862	33.150556	-109.373333							2004-05-15T02:00Z	15	5	2004	5372420	5372420	PRESERVED_SPECIMEN	DAV	Herbarium	42569	A45		CC0_1_0		Andy Walker & Eric Wada			2017-03-25T09:42Z		COORDINATE_ROUNDED;GEODETIC_DATUM_ASSUMED_WGS84	 
45494420	84de00a0-f762-11e1-a439-00145eb45e9a	DAV:Herbarium:42570	Plantae	Tracheophyta	Magnoliopsida	Vitales	Vitaceae	Vitis	Vitis arizonica		SPECIES	Vitis arizonica Engelm.	US	ca. 1.5mi north of the Clifton copper mine along US191.	f0b6a090-a4c6-11d8-9534-b8a03c50a862	33.157778	-109.369722							2004-05-15T02:00Z	15	5	2004	5372420	5372420	PRESERVED_SPECIMEN	DAV	Herbarium	42570	A46		CC0_1_0		Andy Walker & Eric Wada			2017-03-24T11:11Z		COORDINATE_ROUNDED;GEODETIC_DATUM_ASSUMED_WGS84	 
45494422	84de00a0-f762-11e1-a439-00145eb45e9a	DAV:Herbarium:42571	Plantae	Tracheophyta	Magnoliopsida	Vitales	Vitaceae	Vitis	Vitis arizonica		SPECIES	Vitis arizonica Engelm.	US	ca. 4.6mi north of the Clifton copper mine along US191.	f0b6a090-a4c6-11d8-9534-b8a03c50a862	33.183333	-109.381111							2004-05-15T02:00Z	15	5	2004	5372420	5372420	PRESERVED_SPECIMEN	DAV	Herbarium	42571	A47		CC0_1_0		Andy Walker & Eric Wada			2017-03-24T11:11Z		COORDINATE_ROUNDED;GEODETIC_DATUM_ASSUMED_WGS84	 
45494424	84de00a0-f762-11e1-a439-00145eb45e9a	DAV:Herbarium:42572	Plantae	Tracheophyta	Magnoliopsida	Vitales	Vitaceae	Vitis	Vitis arizonica		SPECIES	Vitis arizonica Engelm.	US	ca. 6.5mi north of the Clifton copper mine along US191.	f0b6a090-a4c6-11d8-9534-b8a03c50a862	33.186389	-109.385556							2004-05-15T02:00Z	15	5	2004	5372420	5372420	PRESERVED_SPECIMEN	DAV	Herbarium	42572	A48		CC0_1_0		Andy Walker & Eric Wada			2017-03-24T11:11Z		COORDINATE_ROUNDED;GEODETIC_DATUM_ASSUMED_WGS84	 
45494425	84de00a0-f762-11e1-a439-00145eb45e9a	DAV:Herbarium:42573	Plantae	Tracheophyta	Magnoliopsida	Vitales	Vitaceae	Vitis	Vitis arizonica		SPECIES	Vitis arizonica Engelm.	US	ca. 2mi west of Gillespie Wash along SR 266.	f0b6a090-a4c6-11d8-9534-b8a03c50a862	32.562222	-109.793333							2004-05-15T02:00Z	15	5	2004	5372420	5372420	PRESERVED_SPECIMEN	DAV	Herbarium	42573	A50		CC0_1_0		Andy Walker & Eric Wada			2017-03-25T09:42Z		COORDINATE_ROUNDED;GEODETIC_DATUM_ASSUMED_WGS84	 
45494427	84de00a0-f762-11e1-a439-00145eb45e9a	DAV:Herbarium:42574	Plantae	Tracheophyta	Magnoliopsida	Vitales	Vitaceae	Vitis	Vitis arizonica		SPECIES	Vitis arizonica Engelm.	US	ca. 3.3mi west of Gillespie Wash along SR 266.	f0b6a090-a4c6-11d8-9534-b8a03c50a862	32.57	-109.813611							2004-05-15T02:00Z	15	5	2004	5372420	5372420	PRESERVED_SPECIMEN	DAV	Herbarium	42574	A51		CC0_1_0		Andy Walker & Eric Wada			2017-03-25T09:42Z		COORDINATE_ROUNDED;GEODETIC_DATUM_ASSUMED_WGS84;PRESUMED_NEGATED_LONGITUDE	 
45494429	84de00a0-f762-11e1-a439-00145eb45e9a	DAV:Herbarium:42575	Plantae	Tracheophyta	Magnoliopsida	Vitales	Vitaceae	Vitis	Vitis arizonica		SPECIES	Vitis arizonica Engelm.	US	ca. 2.1mi west of Gillespie Wash along SR 266.	f0b6a090-a4c6-11d8-9534-b8a03c50a862	32.5625	-109.794722							2004-05-15T02:00Z	15	5	2004	5372420	5372420	PRESERVED_SPECIMEN	DAV	Herbarium	42575	A52		CC0_1_0		Andy Walker & Eric Wada			2017-03-25T09:42Z		COORDINATE_ROUNDED;GEODETIC_DATUM_ASSUMED_WGS84;PRESUMED_NEGATED_LONGITUDE	 
45494431	84de00a0-f762-11e1-a439-00145eb45e9a	DAV:Herbarium:42576	Plantae	Tracheophyta	Magnoliopsida	Vitales	Vitaceae	Vitis	Vitis arizonica		SPECIES	Vitis arizonica Engelm.	US	0.3mi east of Seven Cataracts (Mt. Lemmon).	f0b6a090-a4c6-11d8-9534-b8a03c50a862	32.363611	-110.7							2004-05-15T02:00Z	15	5	2004	5372420	5372420	PRESERVED_SPECIMEN	DAV	Herbarium	42576	A56		CC0_1_0		Andy Walker & Eric Wada			2017-03-25T09:42Z		COORDINATE_ROUNDED;GEODETIC_DATUM_ASSUMED_WGS84	 
45499974	848182d0-f762-11e1-a439-00145eb45e9a		Plantae	Tracheophyta	Liliopsida	Zingiberales	Marantaceae	Maranta	Maranta arundinacea		SPECIES	Maranta arundinacea L.	CR	Baron de Esparta	036cdc50-e7f5-11d9-9a0e-b8a03c50a862	9.96	-84.61			200.0	0.0			1976-06-16T01:00Z	16	6	1976	2761352	2761352	PRESERVED_SPECIMEN	Museo Nacional de Costa Rica (MNCR)	Herbario Nacional de Costa Rica (CR)	62426		Kennedy, Helen	CC_BY_4_0		Ocampo, Rafael A.			2017-02-18T21:02Z		GEODETIC_DATUM_ASSUMED_WGS84	 
45499980	848182d0-f762-11e1-a439-00145eb45e9a		Plantae	Tracheophyta	Liliopsida	Zingiberales	Marantaceae	Maranta	Maranta arundinacea		SPECIES	Maranta arundinacea L.	CR	Pasture land and deciduos forest now in full leaf in the areas of Bahía El Coco, Bahía Playa Hernosa, and Sardinal	036cdc50-e7f5-11d9-9a0e-b8a03c50a862	10.53	-85.66			0.0	0.0			1975-11-11T01:00Z	11	11	1975	2761352	2761352	PRESERVED_SPECIMEN	Museo Nacional de Costa Rica (MNCR)	Herbario Nacional de Costa Rica (CR)	62909		Kennedy, Helen	CC_BY_4_0		Burger, William			2017-02-18T21:02Z		GEODETIC_DATUM_ASSUMED_WGS84	 
45499996	848182d0-f762-11e1-a439-00145eb45e9a		Plantae	Tracheophyta	Magnoliopsida	Ericales	Sapotaceae	Manilkara	Manilkara chicle		SPECIES	Manilkara chicle (Pittier) Gilly	CR	Pastures and deciduous forest now in full leaf. Hills near 27 de abril and along the road to playa Tamarindo.	036cdc50-e7f5-11d9-9a0e-b8a03c50a862	10.26	-85.76			50.0	30.0			1975-11-09T01:00Z	9	11	1975	2885232	2885232	PRESERVED_SPECIMEN	Museo Nacional de Costa Rica (MNCR)	Herbario Nacional de Costa Rica (CR)	63907		Pennington, Terence D.	CC_BY_4_0		Burger, William			2017-02-18T20:58Z		GEODETIC_DATUM_ASSUMED_WGS84	 
45500431	848182d0-f762-11e1-a439-00145eb45e9a		Plantae	Tracheophyta	Liliopsida	Zingiberales	Marantaceae	Maranta	Maranta arundinacea		SPECIES	Maranta arundinacea L.	CR	Sendero entre Boca de Barranca y Cabezas.	036cdc50-e7f5-11d9-9a0e-b8a03c50a862	9.96	-84.72			3.0	0.0			1981-07-10T02:00Z	10	7	1981	2761352	2761352	PRESERVED_SPECIMEN	Museo Nacional de Costa Rica (MNCR)	Herbario Nacional de Costa Rica (CR)	82277		Kennedy, Helen	CC_BY_4_0		Gómez Laurito, Jorge			2017-02-18T21:02Z		GEODETIC_DATUM_ASSUMED_WGS84	 
45500507	848182d0-f762-11e1-a439-00145eb45e9a		Plantae	Tracheophyta	Magnoliopsida	Ericales	Sapotaceae	Manilkara	Manilkara chicle		SPECIES	Manilkara chicle (Pittier) Gilly	CR	P.N. Santa Rosa Evergreen Manilkara forest, 1 km leaf of fork in road to Playa Naranjo.	036cdc50-e7f5-11d9-9a0e-b8a03c50a862	10.8	-85.66			10.5	9.5			1978-01-24T01:00Z	24	1	1978	2885232	2885232	PRESERVED_SPECIMEN	Museo Nacional de Costa Rica (MNCR)	Herbario Nacional de Costa Rica (CR)	83872		Pennington, Terence D.	CC_BY_4_0		Liesner, Ronald			2017-02-18T20:58Z		GEODETIC_DATUM_ASSUMED_WGS84	 
45500521	848182d0-f762-11e1-a439-00145eb45e9a		Plantae	Tracheophyta	Magnoliopsida	Ericales	Sapotaceae	Manilkara	Manilkara chicle		SPECIES	Manilkara chicle (Pittier) Gilly	CR	P.N. Santa Rosa Grassland with patches of trees 2 km north of headquarters on the road past lagoona.	036cdc50-e7f5-11d9-9a0e-b8a03c50a862	10.85	-85.61			150.0	0.0			1978-02-01T01:00Z	1	2	1978	2885232	2885232	PRESERVED_SPECIMEN	Museo Nacional de Costa Rica (MNCR)	Herbario Nacional de Costa Rica (CR)	84029		Pennington, Terence D.	CC_BY_4_0		Liesner, Ronald			2017-02-18T20:58Z		GEODETIC_DATUM_ASSUMED_WGS84	 
45500610	848182d0-f762-11e1-a439-00145eb45e9a		Plantae	Tracheophyta	Liliopsida	Zingiberales	Marantaceae	Maranta	Maranta arundinacea		SPECIES	Maranta arundinacea L.	CR	6 km después de Orotina.	036cdc50-e7f5-11d9-9a0e-b8a03c50a862	9.9	-84.55			170.0	0.0			1981-10-24T01:00Z	24	10	1981	2761352	2761352	PRESERVED_SPECIMEN	Museo Nacional de Costa Rica (MNCR)	Herbario Nacional de Costa Rica (CR)	84942		Kennedy, Helen	CC_BY_4_0		Soto, Ricardo			2017-02-18T21:02Z		GEODETIC_DATUM_ASSUMED_WGS84	 
45500656	848182d0-f762-11e1-a439-00145eb45e9a		Plantae	Tracheophyta	Magnoliopsida	Ericales	Sapotaceae	Manilkara	Manilkara chicle		SPECIES	Manilkara chicle (Pittier) Gilly	CR	8 km southwest of La Cruz.	036cdc50-e7f5-11d9-9a0e-b8a03c50a862	11.06	-85.63			20.5	19.5			1978-01-29T01:00Z	29	1	1978	2885232	2885232	PRESERVED_SPECIMEN	Museo Nacional de Costa Rica (MNCR)	Herbario Nacional de Costa Rica (CR)	85520		Pennington, Terence D.	CC_BY_4_0		Liesner, Ronald			2017-02-18T20:58Z		GEODETIC_DATUM_ASSUMED_WGS84	 
45500666	848182d0-f762-11e1-a439-00145eb45e9a		Plantae	Tracheophyta	Liliopsida	Zingiberales	Marantaceae	Maranta	Maranta arundinacea		SPECIES	Maranta arundinacea L.	CR	P.N. Santa Rosa Nature trail. Forest	036cdc50-e7f5-11d9-9a0e-b8a03c50a862	10.83	-85.61			250.0	50.0			1977-06-22T01:00Z	22	6	1977	2761352	2761352	PRESERVED_SPECIMEN	Museo Nacional de Costa Rica (MNCR)	Herbario Nacional de Costa Rica (CR)	85583		Kennedy, Helen	CC_BY_4_0		Liesner, Ronald			2017-02-18T21:02Z		GEODETIC_DATUM_ASSUMED_WGS84	 
45500686	848182d0-f762-11e1-a439-00145eb45e9a		Plantae	Tracheophyta	Magnoliopsida	Ericales	Sapotaceae	Manilkara	Manilkara chicle		SPECIES	Manilkara chicle (Pittier) Gilly	CR	P.N. Santa Rosa Savannah and cliff top ede with oak forest.	036cdc50-e7f5-11d9-9a0e-b8a03c50a862	10.85	-85.61			275.0	25.0			1977-06-26T01:00Z	26	6	1977	2885232	2885232	PRESERVED_SPECIMEN	Museo Nacional de Costa Rica (MNCR)	Herbario Nacional de Costa Rica (CR)	85657			CC_BY_4_0		Liesner, Ronald			2017-02-18T20:58Z		GEODETIC_DATUM_ASSUMED_WGS84	 
45500746	848182d0-f762-11e1-a439-00145eb45e9a		Plantae	Tracheophyta	Liliopsida	Zingiberales	Marantaceae	Maranta	Maranta arundinacea		SPECIES	Maranta arundinacea L.	CR	P.N. Santa Rosa Slope below Questa and Lowland forest at edge in road to Playa Naranjo	036cdc50-e7f5-11d9-9a0e-b8a03c50a862	10.8	-85.63			125.0	125.0			1977-07-19T01:00Z	19	7	1977	2761352	2761352	PRESERVED_SPECIMEN	Museo Nacional de Costa Rica (MNCR)	Herbario Nacional de Costa Rica (CR)	86338		Kennedy, Helen	CC_BY_4_0		Liesner, Ronald			2017-02-18T21:02Z		GEODETIC_DATUM_ASSUMED_WGS84	 
45500751	848182d0-f762-11e1-a439-00145eb45e9a		Plantae	Tracheophyta	Magnoliopsida	Ericales	Sapotaceae	Manilkara	Manilkara chicle		SPECIES	Manilkara chicle (Pittier) Gilly	CR	P.N. Santa Rosa Natural trail	036cdc50-e7f5-11d9-9a0e-b8a03c50a862	10.83	-85.61			250.0	50.0			1978-01-21T01:00Z	21	1	1978	2885232	2885232	PRESERVED_SPECIMEN	Museo Nacional de Costa Rica (MNCR)	Herbario Nacional de Costa Rica (CR)	86429		Pennington, Terence D.	CC_BY_4_0		Liesner, Ronald			2017-02-18T20:58Z		GEODETIC_DATUM_ASSUMED_WGS84	 
45501047	848182d0-f762-11e1-a439-00145eb45e9a		Plantae	Tracheophyta	Magnoliopsida	Malpighiales	Euphorbiaceae	Manihot	Manihot brachyloba		SPECIES	Manihot brachyloba Müll.Arg.	CR	Evergreen rain forest on ridge above Golfito.	036cdc50-e7f5-11d9-9a0e-b8a03c50a862	8.63	-83.13			0.0	0.0			1977-07-04T01:00Z	4	7	1977	3061115	3061115	PRESERVED_SPECIMEN	Museo Nacional de Costa Rica (MNCR)	Herbario Nacional de Costa Rica (CR)	97300		G. Webster	CC_BY_4_0		Webster, Grady L.			2017-02-18T20:57Z		GEODETIC_DATUM_ASSUMED_WGS84	 
45501205	848182d0-f762-11e1-a439-00145eb45e9a		Plantae	Tracheophyta	Liliopsida	Zingiberales	Marantaceae	Maranta	Maranta arundinacea		SPECIES	Maranta arundinacea L.	CR	Isla San Lucas. Golfo de Nicoya	036cdc50-e7f5-11d9-9a0e-b8a03c50a862	9.95	-84.9			12.5	12.5			1984-10-19T01:00Z	19	10	1984	2761352	2761352	PRESERVED_SPECIMEN	Museo Nacional de Costa Rica (MNCR)	Herbario Nacional de Costa Rica (CR)	110183		Kennedy, Helen	CC_BY_4_0		Grayum, Michael			2017-02-18T21:02Z		GEODETIC_DATUM_ASSUMED_WGS84	 
45501600	848182d0-f762-11e1-a439-00145eb45e9a		Plantae	Tracheophyta	Magnoliopsida	Ericales	Sapotaceae	Manilkara	Manilkara chicle		SPECIES	Manilkara chicle (Pittier) Gilly	CR	Grounds of CATIE, forest above river Reventazón.	036cdc50-e7f5-11d9-9a0e-b8a03c50a862	9.0	-83.0			650.0	0.0			1984-01-31T01:00Z	31	1	1984	2885232	2885232	PRESERVED_SPECIMEN	Museo Nacional de Costa Rica (MNCR)	Herbario Nacional de Costa Rica (CR)	130804		Pennington, Terence D.	CC_BY_4_0		Pennington, Terence D.			2017-02-18T20:58Z		GEODETIC_DATUM_ASSUMED_WGS84	 
45501605	848182d0-f762-11e1-a439-00145eb45e9a		Plantae	Tracheophyta	Magnoliopsida	Ericales	Sapotaceae	Manilkara	Manilkara chicle		SPECIES	Manilkara chicle (Pittier) Gilly	CR	Parque recreativo Portete.	036cdc50-e7f5-11d9-9a0e-b8a03c50a862	10.0	-83.0			1.0	0.0			1984-01-31T01:00Z	31	1	1984	2885232	2885232	PRESERVED_SPECIMEN	Museo Nacional de Costa Rica (MNCR)	Herbario Nacional de Costa Rica (CR)	130819		Pennington, Terence D.	CC_BY_4_0		Pennington, Terence D.			2017-02-18T20:58Z		GEODETIC_DATUM_ASSUMED_WGS84	 
45501608	848182d0-f762-11e1-a439-00145eb45e9a		Plantae	Tracheophyta	Magnoliopsida	Ericales	Sapotaceae	Manilkara	Manilkara chicle		SPECIES	Manilkara chicle (Pittier) Gilly	CR	Road to Upala, km 15 dry zone pasture with scattered trees.	036cdc50-e7f5-11d9-9a0e-b8a03c50a862	10.0	-85.0			200.0	0.0			1985-01-23T01:00Z	23	1	1985	2885232	2885232	PRESERVED_SPECIMEN	Museo Nacional de Costa Rica (MNCR)	Herbario Nacional de Costa Rica (CR)	130822		Pennington, Terence D.	CC_BY_4_0		Pennington, Terence D.			2017-02-18T20:58Z		GEODETIC_DATUM_ASSUMED_WGS84	 
45501611	848182d0-f762-11e1-a439-00145eb45e9a		Plantae	Tracheophyta	Magnoliopsida	Ericales	Sapotaceae	Manilkara	Manilkara chicle		SPECIES	Manilkara chicle (Pittier) Gilly	CR	P.N. Palo Verde Steep hillsides	036cdc50-e7f5-11d9-9a0e-b8a03c50a862	10.0	-85.0			0.0	0.0			1984-01-24T01:00Z	24	1	1984	2885232	2885232	PRESERVED_SPECIMEN	Museo Nacional de Costa Rica (MNCR)	Herbario Nacional de Costa Rica (CR)	130845		Pennington, Terence D.	CC_BY_4_0		Pennington, Terence D.			2017-02-18T20:58Z		GEODETIC_DATUM_ASSUMED_WGS84	 
45501614	848182d0-f762-11e1-a439-00145eb45e9a		Plantae	Tracheophyta	Magnoliopsida	Ericales	Sapotaceae	Manilkara	Manilkara chicle		SPECIES	Manilkara chicle (Pittier) Gilly	CR	Parque de Santa Ana	036cdc50-e7f5-11d9-9a0e-b8a03c50a862	9.93	-84.18			600.0	0.0			1984-01-07T01:00Z	7	1	1984	2885232	2885232	PRESERVED_SPECIMEN	Museo Nacional de Costa Rica (MNCR)	Herbario Nacional de Costa Rica (CR)	130855		Pennington, Terence D.	CC_BY_4_0		Pennington, Terence D.			2017-02-18T20:58Z		GEODETIC_DATUM_ASSUMED_WGS84	 
45501618	848182d0-f762-11e1-a439-00145eb45e9a		Plantae	Tracheophyta	Magnoliopsida	Ericales	Sapotaceae	Manilkara	Manilkara chicle		SPECIES	Manilkara chicle (Pittier) Gilly	CR	15 km from Pan American Hwy, road to Monteverde.	036cdc50-e7f5-11d9-9a0e-b8a03c50a862	10.0	-84.0			1084.0	0.0			1984-01-25T01:00Z	25	1	1984	2885232	2885232	PRESERVED_SPECIMEN	Museo Nacional de Costa Rica (MNCR)	Herbario Nacional de Costa Rica (CR)	130861		Pennington, Terence D.	CC_BY_4_0		Pennington, Terence D.			2017-02-18T20:58Z		GEODETIC_DATUM_ASSUMED_WGS84	 
45501692	848182d0-f762-11e1-a439-00145eb45e9a		Plantae	Tracheophyta	Magnoliopsida	Malpighiales	Euphorbiaceae	Manihot	Manihot brachyloba		SPECIES	Manihot brachyloba Müll.Arg.	CR	Forests on main ridge and NE slopes of Fila de Cal, between San Vito and Ciudad Neilly.	036cdc50-e7f5-11d9-9a0e-b8a03c50a862	8.68	-82.93			560.0	60.0			1985-09-13T02:00Z	13	9	1985	3061115	3061115	PRESERVED_SPECIMEN	Museo Nacional de Costa Rica (MNCR)	Herbario Nacional de Costa Rica (CR)	133418		Grayum, Michael	CC_BY_4_0		Grayum, Michael			2017-02-18T20:57Z		GEODETIC_DATUM_ASSUMED_WGS84	 
45501814	848182d0-f762-11e1-a439-00145eb45e9a		Plantae	Tracheophyta	Magnoliopsida	Malpighiales	Euphorbiaceae	Manihot	Manihot brachyloba		SPECIES	Manihot brachyloba Müll.Arg.	CR	Colonia Puntarenas. Del salón comunal al río Chimuria, 1 km aguas arriba siguiendo alternamente su margen.	036cdc50-e7f5-11d9-9a0e-b8a03c50a862	10.86	-84.46			200.0	0.0			1987-11-11T01:00Z	11	11	1987	3061115	3061115	PRESERVED_SPECIMEN	Museo Nacional de Costa Rica (MNCR)	Herbario Nacional de Costa Rica (CR)	140234		Grayum, Michael	CC_BY_4_0		Herrera, Gerardo			2017-02-18T20:57Z		GEODETIC_DATUM_ASSUMED_WGS84	 
45501861	848182d0-f762-11e1-a439-00145eb45e9a		Plantae	Tracheophyta	Magnoliopsida	Malpighiales	Euphorbiaceae	Manihot	Manihot brachyloba		SPECIES	Manihot brachyloba Müll.Arg.	CR	Along ridge descending to main fork of quebrada Cañabral from divide between basin of Río Madre de Dios and taht of Río Barbilla.	036cdc50-e7f5-11d9-9a0e-b8a03c50a862	10.03	-83.41			340.0	60.0			1988-09-06T02:00Z	6	9	1988	3061115	3061115	PRESERVED_SPECIMEN	Museo Nacional de Costa Rica (MNCR)	Herbario Nacional de Costa Rica (CR)	143777		Grayum, Michael	CC_BY_4_0		Grayum, Michael			2017-02-18T20:57Z		GEODETIC_DATUM_ASSUMED_WGS84	 
45501909	848182d0-f762-11e1-a439-00145eb45e9a		Plantae	Tracheophyta	Magnoliopsida	Ericales	Sapotaceae	Manilkara	Manilkara chicle		SPECIES	Manilkara chicle (Pittier) Gilly	CR	Cocles, 3-4 km SO de Puerto Viejo.	036cdc50-e7f5-11d9-9a0e-b8a03c50a862	9.63	-82.76			100.0	0.0			1990-03-06T01:00Z	6	3	1990	2885232	2885232	PRESERVED_SPECIMEN	Museo Nacional de Costa Rica (MNCR)	Herbario Nacional de Costa Rica (CR)	146624		Jiménez, Quírico	CC_BY_4_0		Jiménez, Quírico			2017-02-18T20:58Z		GEODETIC_DATUM_ASSUMED_WGS84	 
45501934	848182d0-f762-11e1-a439-00145eb45e9a		Plantae	Tracheophyta	Magnoliopsida	Malpighiales	Euphorbiaceae	Manihot	Manihot brachyloba		SPECIES	Manihot brachyloba Müll.Arg.	CR	Esquipulas.	036cdc50-e7f5-11d9-9a0e-b8a03c50a862	9.49	-84.04			300.0	0.0			1990-08-17T02:00Z	17	8	1990	3061115	3061115	PRESERVED_SPECIMEN	Museo Nacional de Costa Rica (MNCR)	Herbario Nacional de Costa Rica (CR)	147919		Jiménez, Alfonso	CC_BY_4_0		Gómez Laurito, Jorge			2017-02-18T20:57Z		GEODETIC_DATUM_ASSUMED_WGS84	 
45502088	848182d0-f762-11e1-a439-00145eb45e9a		Plantae	Tracheophyta	Magnoliopsida	Malpighiales	Euphorbiaceae	Manihot	Manihot brachyloba		SPECIES	Manihot brachyloba Müll.Arg.	CR	Sendero paralelo al río Corinto y riberas del mismo.	036cdc50-e7f5-11d9-9a0e-b8a03c50a862	10.31	-83.93			500.0	0.0			1990-09-07T02:00Z	7	9	1990	3061115	3061115	PRESERVED_SPECIMEN	Museo Nacional de Costa Rica (MNCR)	Herbario Nacional de Costa Rica (CR)	159352		Sánchez, Pablo E.	CC_BY_4_0		Chávez, Carlos			2017-02-18T20:57Z		GEODETIC_DATUM_ASSUMED_WGS84	 
45502142	848182d0-f762-11e1-a439-00145eb45e9a		Plantae	Tracheophyta	Magnoliopsida	Malpighiales	Euphorbiaceae	Manihot	Manihot brachyloba		SPECIES	Manihot brachyloba Müll.Arg.	CR	P.N. La Cangreja Mastatal, bosque primario y secundario en las márgenes del Río Negro.	036cdc50-e7f5-11d9-9a0e-b8a03c50a862	9.68	-84.39			290.0	0.0			1992-11-08T01:00Z	8	11	1992	3061115	3061115	PRESERVED_SPECIMEN	Museo Nacional de Costa Rica (MNCR)	Herbario Nacional de Costa Rica (CR)	160602		Morales, Juan Francisco	CC_BY_4_0		Morales, Juan Francisco			2017-02-18T20:57Z		GEODETIC_DATUM_ASSUMED_WGS84	 
45502464	848182d0-f762-11e1-a439-00145eb45e9a		Plantae	Tracheophyta	Magnoliopsida	Ericales	Sapotaceae	Manilkara	Manilkara chicle		SPECIES	Manilkara chicle (Pittier) Gilly	CR	P.N. Rincón de la Vieja Sector Las Pailas, río Blanco y peladeros de las Pilas.	036cdc50-e7f5-11d9-9a0e-b8a03c50a862	10.8	-85.35			1400.0	0.0			1990-11-20T01:00Z	20	11	1990	2885232	2885232	PRESERVED_SPECIMEN	Museo Nacional de Costa Rica (MNCR)	Herbario Nacional de Costa Rica (CR)	168614		Rivera, Gerardo	CC_BY_4_0		Rivera, Gerardo			2017-02-18T20:58Z		GEODETIC_DATUM_ASSUMED_WGS84	 
45502561	848182d0-f762-11e1-a439-00145eb45e9a		Plantae	Tracheophyta	Liliopsida	Zingiberales	Marantaceae	Maranta	Maranta arundinacea		SPECIES	Maranta arundinacea L.	CR	Sámara, 1 km al N del Río Buenavista, Río Buena Vista, camino a Spamara	036cdc50-e7f5-11d9-9a0e-b8a03c50a862	9.92	-85.52			100.0	0.0			1991-07-07T02:00Z	7	7	1991	2761352	2761352	PRESERVED_SPECIMEN	Museo Nacional de Costa Rica (MNCR)	Herbario Nacional de Costa Rica (CR)	170292		Kennedy, Helen	CC_BY_4_0		Flores, Luis			2017-02-18T21:02Z		GEODETIC_DATUM_ASSUMED_WGS84	 
45502639	848182d0-f762-11e1-a439-00145eb45e9a		Plantae	Tracheophyta	Magnoliopsida	Malpighiales	Euphorbiaceae	Manihot	Manihot brachyloba		SPECIES	Manihot brachyloba Müll.Arg.	CR	R.F. Golfo Dulce Entrada a Chocuaco. Rincón.	036cdc50-e7f5-11d9-9a0e-b8a03c50a862	8.73	-83.44			110.0	10.0			1991-09-04T02:00Z	4	9	1991	3061115	3061115	PRESERVED_SPECIMEN	Museo Nacional de Costa Rica (MNCR)	Herbario Nacional de Costa Rica (CR)	171409		Burger, William	CC_BY_4_0		Aguilar, Reinaldo			2017-02-18T20:57Z		GEODETIC_DATUM_ASSUMED_WGS84	 
45502709	848182d0-f762-11e1-a439-00145eb45e9a		Plantae	Tracheophyta	Magnoliopsida	Ericales	Sapotaceae	Manilkara	Manilkara chicle		SPECIES	Manilkara chicle (Pittier) Gilly	CR	P.N. Rincón de la Vieja Estación Las Pailas, bosque primario en el sendero a Santa María.	036cdc50-e7f5-11d9-9a0e-b8a03c50a862	10.77	-85.33			850.0	0.0			1994-01-10T01:00Z	10	1	1994	2885232	2885232	PRESERVED_SPECIMEN	Museo Nacional de Costa Rica (MNCR)	Herbario Nacional de Costa Rica (CR)	172911		Morales, Juan Francisco	CC_BY_4_0		Morales, Juan Francisco			2017-02-18T20:58Z		GEODETIC_DATUM_ASSUMED_WGS84	 
45502728	848182d0-f762-11e1-a439-00145eb45e9a		Plantae	Tracheophyta	Magnoliopsida	Malpighiales	Euphorbiaceae	Manihot	Manihot brachyloba		SPECIES	Manihot brachyloba Müll.Arg.	CR	Alto Lari. Siguiendo la fila entre río Dapari y río Lari, bajando hasta el cauce del mismo.	036cdc50-e7f5-11d9-9a0e-b8a03c50a862	9.43	-83.05			450.0	0.0			1992-03-03T01:00Z	3	3	1992	3061115	3061115	PRESERVED_SPECIMEN	Museo Nacional de Costa Rica (MNCR)	Herbario Nacional de Costa Rica (CR)	173670		Burger, William	CC_BY_4_0		Aguilar, Reinaldo			2017-02-18T20:57Z		GEODETIC_DATUM_ASSUMED_WGS84	 
45502781	848182d0-f762-11e1-a439-00145eb45e9a		Plantae	Tracheophyta	Liliopsida	Zingiberales	Marantaceae	Maranta	Maranta arundinacea		SPECIES	Maranta arundinacea L.	CR	P.N. Santa Rosa Sitio Ojochal	036cdc50-e7f5-11d9-9a0e-b8a03c50a862	10.79	-85.65			70.0	0.0			1992-07-19T02:00Z	19	7	1992	2761352	2761352	PRESERVED_SPECIMEN	Museo Nacional de Costa Rica (MNCR)	Herbario Nacional de Costa Rica (CR)	174960		Jiménez, Quírico	CC_BY_4_0		Fernández, A.			2017-02-18T21:02Z		GEODETIC_DATUM_ASSUMED_WGS84	 
45502895	848182d0-f762-11e1-a439-00145eb45e9a		Plantae	Tracheophyta	Liliopsida	Zingiberales	Marantaceae	Maranta	Maranta arundinacea		SPECIES	Maranta arundinacea L.	CR	P.N. Palo Verde	036cdc50-e7f5-11d9-9a0e-b8a03c50a862	10.36	-85.28			55.0	45.0			1992-09-27T02:00Z	27	9	1992	2761352	2761352	PRESERVED_SPECIMEN	Museo Nacional de Costa Rica (MNCR)	Herbario Nacional de Costa Rica (CR)	178930		Kennedy, Helen	CC_BY_4_0		Chavarría, Ulises			2017-02-18T21:02Z		GEODETIC_DATUM_ASSUMED_WGS84	 
45502940	848182d0-f762-11e1-a439-00145eb45e9a		Plantae	Tracheophyta	Magnoliopsida	Ericales	Sapotaceae	Manilkara	Manilkara chicle		SPECIES	Manilkara chicle (Pittier) Gilly	CR	R.V.S. Golfito Cerro Nicuesa	036cdc50-e7f5-11d9-9a0e-b8a03c50a862	8.69	-83.21			345.0	0.0			1994-04-07T02:00Z	7	4	1994	2885232	2885232	PRESERVED_SPECIMEN	Museo Nacional de Costa Rica (MNCR)	Herbario Nacional de Costa Rica (CR)	179992		Rivera, Gerardo	CC_BY_4_0		Rivera, Gerardo			2017-02-18T20:58Z		GEODETIC_DATUM_ASSUMED_WGS84	 
45503045	848182d0-f762-11e1-a439-00145eb45e9a		Plantae	Tracheophyta	Liliopsida	Zingiberales	Marantaceae	Maranta	Maranta arundinacea		SPECIES	Maranta arundinacea L.	CR	P.N. Santa Rosa De Bahía Salinas a Santa Cecilia.Estación Santa Rosa.Area administrativa. Del 3 al 29 de Julio	036cdc50-e7f5-11d9-9a0e-b8a03c50a862	10.83	-85.61			300.0	0.0			1992-07-15T02:00Z	15	7	1992	2761352	2761352	PRESERVED_SPECIMEN	Museo Nacional de Costa Rica (MNCR)	Herbario Nacional de Costa Rica (CR)	183861		Kennedy, Helen	CC_BY_4_0		Espinoza, Roberto			2017-02-18T21:02Z		GEODETIC_DATUM_ASSUMED_WGS84	 
45503075	848182d0-f762-11e1-a439-00145eb45e9a		Plantae	Tracheophyta	Magnoliopsida	Ericales	Sapotaceae	Manilkara	Manilkara chicle		SPECIES	Manilkara chicle (Pittier) Gilly	CR	Pilas de Bejuco,	036cdc50-e7f5-11d9-9a0e-b8a03c50a862	9.84	-85.36			2.0	0.0			1994-08-21T02:00Z	21	8	1994	2885232	2885232	PRESERVED_SPECIMEN	Museo Nacional de Costa Rica (MNCR)	Herbario Nacional de Costa Rica (CR)	184262		Rodríguez, Alexánder	CC_BY_4_0		Rodríguez, Alexánder			2017-02-18T20:58Z		GEODETIC_DATUM_ASSUMED_WGS84	 
45503160	848182d0-f762-11e1-a439-00145eb45e9a		Plantae	Tracheophyta	Magnoliopsida	Malpighiales	Euphorbiaceae	Manihot	Manihot brachyloba		SPECIES	Manihot brachyloba Müll.Arg.	CR	Bosque de los Austriacos. La Gamba. Primary forest. Gap near the research Plot.	036cdc50-e7f5-11d9-9a0e-b8a03c50a862	8.68	-83.21			300.0	0.0			1994-03-13T01:00Z	13	3	1994	3061115	3061115	PRESERVED_SPECIMEN	Museo Nacional de Costa Rica (MNCR)	Herbario Nacional de Costa Rica (CR)	185804		Huber, Werner & Weissenhofer, Anton	CC_BY_4_0		Huber, Werner			2017-02-18T20:57Z		GEODETIC_DATUM_ASSUMED_WGS84	 
45503371	848182d0-f762-11e1-a439-00145eb45e9a		Plantae	Tracheophyta	Liliopsida	Zingiberales	Marantaceae	Maranta	Maranta arundinacea		SPECIES	Maranta arundinacea L.	CR	P.N. Santa Rosa De Bahía Salinas a Santa Cecilia.Estación Santa Rosa	036cdc50-e7f5-11d9-9a0e-b8a03c50a862	10.83	-85.62			302.0	0.0			1993-08-21T02:00Z	21	8	1993	2761352	2761352	PRESERVED_SPECIMEN	Museo Nacional de Costa Rica (MNCR)	Herbario Nacional de Costa Rica (CR)	189488		Kennedy, Helen	CC_BY_4_0		Lépiz, Eduardo			2017-02-18T21:02Z		GEODETIC_DATUM_ASSUMED_WGS84	 
45503528	848182d0-f762-11e1-a439-00145eb45e9a		Plantae	Tracheophyta	Liliopsida	Zingiberales	Marantaceae	Maranta	Maranta arundinacea		SPECIES	Maranta arundinacea L.	CR	Península de Nicoya. Bejuco.Islita	036cdc50-e7f5-11d9-9a0e-b8a03c50a862	9.86	-85.38			50.0	0.0			1994-08-23T02:00Z	23	8	1994	2761352	2761352	PRESERVED_SPECIMEN	Museo Nacional de Costa Rica (MNCR)	Herbario Nacional de Costa Rica (CR)	195368		Hammel, Barry E.	CC_BY_4_0		Rodríguez, Alexánder			2017-02-18T21:02Z		GEODETIC_DATUM_ASSUMED_WGS84	 
45503572	848182d0-f762-11e1-a439-00145eb45e9a		Plantae	Tracheophyta	Liliopsida	Zingiberales	Marantaceae	Maranta	Maranta arundinacea		SPECIES	Maranta arundinacea L.	CR	P.N. Palo Verde Inmediately S of Cerro Guayacan, ca. 2 km N of Río Tempisque, within Parque Nacional Palo Verde, ca. 2 km N  of the RíoTempisque	036cdc50-e7f5-11d9-9a0e-b8a03c50a862	10.35	-85.33			10.0	0.0			1994-07-19T02:00Z	19	7	1994	2761352	2761352	PRESERVED_SPECIMEN	Museo Nacional de Costa Rica (MNCR)	Herbario Nacional de Costa Rica (CR)	196194		Cascante, Alfredo	CC_BY_4_0		Alverson, William S.			2017-02-18T21:02Z		GEODETIC_DATUM_ASSUMED_WGS84	 
45503638	848182d0-f762-11e1-a439-00145eb45e9a		Plantae	Tracheophyta	Liliopsida	Zingiberales	Marantaceae	Maranta	Maranta arundinacea		SPECIES	Maranta arundinacea L.	CR	R.B. Lomas de Barbudal Valle del Tempisque.Llanuras alrededor de La Reserva	036cdc50-e7f5-11d9-9a0e-b8a03c50a862	10.44	-85.36			10.0	0.0			1993-06-03T02:00Z	3	6	1993	2761352	2761352	PRESERVED_SPECIMEN	Museo Nacional de Costa Rica (MNCR)	Herbario Nacional de Costa Rica (CR)	197433		Hammel, Barry E.	CC_BY_4_0		Fernández, Alvaro			2017-02-18T21:02Z		GEODETIC_DATUM_ASSUMED_WGS84	 
45503698	848182d0-f762-11e1-a439-00145eb45e9a		Plantae	Tracheophyta	Liliopsida	Zingiberales	Marantaceae	Maranta	Maranta arundinacea		SPECIES	Maranta arundinacea L.	CR	P.N. Guanacaste V. Orosí. Estación Pitilla, Sta. Cecilia 9 km S	036cdc50-e7f5-11d9-9a0e-b8a03c50a862	10.99	-85.42			300.0	0.0			1993-09-03T02:00Z	3	9	1993	2761352	2761352	PRESERVED_SPECIMEN	Museo Nacional de Costa Rica (MNCR)	Herbario Nacional de Costa Rica (CR)	198222		Kennedy, Helen	CC_BY_4_0		López, Elba			2017-02-18T21:02Z		GEODETIC_DATUM_ASSUMED_WGS84	 
45503704	848182d0-f762-11e1-a439-00145eb45e9a		Plantae	Tracheophyta	Liliopsida	Zingiberales	Marantaceae	Maranta	Maranta arundinacea		SPECIES	Maranta arundinacea L.	CR	P.N. Barra Honda Sendero de Administración a El Mirador.Vegetación antes del área rocosa, cerca del mirador	036cdc50-e7f5-11d9-9a0e-b8a03c50a862	10.17	-85.37			450.0	0.0			1992-09-26T02:00Z	26	9	1992	2761352	2761352	PRESERVED_SPECIMEN	Museo Nacional de Costa Rica (MNCR)	Herbario Nacional de Costa Rica (CR)	198258		Kennedy, Helen	CC_BY_4_0		Aguilar, Reinaldo			2017-02-18T21:02Z		GEODETIC_DATUM_ASSUMED_WGS84	 
45503742	848182d0-f762-11e1-a439-00145eb45e9a		Plantae	Tracheophyta	Magnoliopsida	Ericales	Sapotaceae	Manilkara	Manilkara chicle		SPECIES	Manilkara chicle (Pittier) Gilly	CR	P.N. Rincón de la Vieja Estación Las Pailas, bosque cerca de Las Fumarolas.	036cdc50-e7f5-11d9-9a0e-b8a03c50a862	10.75	-85.34			750.0	0.0			1994-01-10T01:00Z	10	1	1994	2885232	2885232	PRESERVED_SPECIMEN	Museo Nacional de Costa Rica (MNCR)	Herbario Nacional de Costa Rica (CR)	199974		Morales, Juan Francisco	CC_BY_4_0		García, Dunia			2017-02-18T20:58Z		GEODETIC_DATUM_ASSUMED_WGS84	 
45503760	848182d0-f762-11e1-a439-00145eb45e9a		Plantae	Tracheophyta	Magnoliopsida	Malpighiales	Euphorbiaceae	Manihot	Manihot brachyloba		SPECIES	Manihot brachyloba Müll.Arg.	CR	P.N. Corcovado Valle de Coto Colorado. Camino al agua en bosque Esquinas muy suamposo, entre primario y orilla de Chontal.	036cdc50-e7f5-11d9-9a0e-b8a03c50a862	8.76	-83.25			100.0	0.0			1993-06-25T02:00Z	25	6	1993	3061115	3061115	PRESERVED_SPECIMEN	Museo Nacional de Costa Rica (MNCR)	Herbario Nacional de Costa Rica (CR)	201128		González, José	CC_BY_4_0		Quesada, Francisco			2017-02-18T20:57Z		GEODETIC_DATUM_ASSUMED_WGS84	 
45503765	848182d0-f762-11e1-a439-00145eb45e9a		Plantae	Tracheophyta	Magnoliopsida	Ericales	Sapotaceae	Manilkara	Manilkara chicle		SPECIES	Manilkara chicle (Pittier) Gilly	CR	P.N. Santa Rosa Murcielago.	036cdc50-e7f5-11d9-9a0e-b8a03c50a862	10.92	-85.73			150.0	0.0			1994-01-20T01:00Z	20	1	1994	2885232	2885232	PRESERVED_SPECIMEN	Museo Nacional de Costa Rica (MNCR)	Herbario Nacional de Costa Rica (CR)	201160		González, José	CC_BY_4_0		Quesada, Freddy			2017-02-18T20:58Z		GEODETIC_DATUM_ASSUMED_WGS84	 
45503773	848182d0-f762-11e1-a439-00145eb45e9a		Plantae	Tracheophyta	Magnoliopsida	Ericales	Sapotaceae	Manilkara	Manilkara chicle		SPECIES	Manilkara chicle (Pittier) Gilly	CR	10 km SO, on road to Interamerican Hwy,  ridge between  río Guacimal and río Lagarto dranaige.	036cdc50-e7f5-11d9-9a0e-b8a03c50a862	10.26	-84.83			900.0	0.0			1990-06-21T02:00Z	21	6	1990	2885232	2885232	PRESERVED_SPECIMEN	Museo Nacional de Costa Rica (MNCR)	Herbario Nacional de Costa Rica (CR)	201498		Pennington, Terence D.	CC_BY_4_0		Haber, William			2017-02-18T20:58Z		GEODETIC_DATUM_ASSUMED_WGS84	 
45503782	848182d0-f762-11e1-a439-00145eb45e9a		Plantae	Tracheophyta	Liliopsida	Zingiberales	Marantaceae	Maranta	Maranta arundinacea		SPECIES	Maranta arundinacea L.	CR	P.N. Santa Rosa Península de Santa Elena.Fila Hachal	036cdc50-e7f5-11d9-9a0e-b8a03c50a862	10.92	-85.76			175.0	75.0			1994-08-20T02:00Z	20	8	1994	2761352	2761352	PRESERVED_SPECIMEN	Museo Nacional de Costa Rica (MNCR)	Herbario Nacional de Costa Rica (CR)	201519		Kennedy, Helen	CC_BY_4_0		Grayum, Michael			2017-02-18T21:02Z		GEODETIC_DATUM_ASSUMED_WGS84	 
45503821	848182d0-f762-11e1-a439-00145eb45e9a		Plantae	Tracheophyta	Magnoliopsida	Ericales	Sapotaceae	Manilkara	Manilkara chicle		SPECIES	Manilkara chicle (Pittier) Gilly	CR	Bosque intervenido por el Río Virilla. Por Cerro Las Mesas.	036cdc50-e7f5-11d9-9a0e-b8a03c50a862	9.93	-84.23			800.0	0.0			1994-11-27T01:00Z	27	11	1994	2885232	2885232	PRESERVED_SPECIMEN	Museo Nacional de Costa Rica (MNCR)	Herbario Nacional de Costa Rica (CR)	202840		Jiménez, Quírico	CC_BY_4_0		Hammel, Barry E.			2017-02-18T20:58Z		GEODETIC_DATUM_ASSUMED_WGS84	 
45503962	848182d0-f762-11e1-a439-00145eb45e9a		Plantae	Tracheophyta	Magnoliopsida	Ericales	Sapotaceae	Manilkara	Manilkara chicle		SPECIES	Manilkara chicle (Pittier) Gilly	CR	Z.P. El Rodeo Reserva de la Universidad para la Paz. Bosque Húmedo Premontano.	036cdc50-e7f5-11d9-9a0e-b8a03c50a862	9.9	-84.27			875.0	25.0			1997-05-05T02:00Z	5	5	1997	2885232	2885232	PRESERVED_SPECIMEN	Museo Nacional de Costa Rica (MNCR)	Herbario Nacional de Costa Rica (CR)	210141		Cascante, Alfredo	CC_BY_4_0		Cascante, Alfredo			2017-02-18T20:58Z		GEODETIC_DATUM_ASSUMED_WGS84	 
45504023	848182d0-f762-11e1-a439-00145eb45e9a		Plantae	Tracheophyta	Liliopsida	Zingiberales	Marantaceae	Maranta	Maranta arundinacea		SPECIES	Maranta arundinacea L.	CR	P.N. Santa Rosa Península de Santa Elena.Sector Murciélago, entre el puesto y El Sendero al Cerro La Pava	036cdc50-e7f5-11d9-9a0e-b8a03c50a862	10.89	-85.73			30.0	0.0			1996-07-30T02:00Z	30	7	1996	2761352	2761352	PRESERVED_SPECIMEN	Museo Nacional de Costa Rica (MNCR)	Herbario Nacional de Costa Rica (CR)	212016		Morales, Juan Francisco	CC_BY_4_0		Morales, Juan Francisco			2017-02-18T21:02Z		GEODETIC_DATUM_ASSUMED_WGS84	 
45504166	848182d0-f762-11e1-a439-00145eb45e9a		Plantae	Tracheophyta	Magnoliopsida	Ericales	Sapotaceae	Manilkara	Manilkara chicle		SPECIES	Manilkara chicle (Pittier) Gilly	MX	Mpio: Calakmul, loc a 34 km al S de la Caseta de entrada a Calakmul.	036cdc50-e7f5-11d9-9a0e-b8a03c50a862	18.27	-89.82			250.0	0.0			1997-08-09T02:00Z	9	8	1997	2885232	2885232	PRESERVED_SPECIMEN	Museo Nacional de Costa Rica (MNCR)	Herbario Nacional de Costa Rica (CR)	216097		Ramos, C. H.	CC_BY_4_0		Martínez, Esteban			2017-02-18T20:58Z		GEODETIC_DATUM_ASSUMED_WGS84	 
45504171	848182d0-f762-11e1-a439-00145eb45e9a		Plantae	Tracheophyta	Magnoliopsida	Ericales	Sapotaceae	Manilkara	Manilkara chicle		SPECIES	Manilkara chicle (Pittier) Gilly	CR	Proyecto minero Placer dome, camino al cerro LAs Crucitas.	036cdc50-e7f5-11d9-9a0e-b8a03c50a862	10.87	-84.31			150.0	50.0			1996-07-25T02:00Z	25	7	1996	2885232	2885232	PRESERVED_SPECIMEN	Museo Nacional de Costa Rica (MNCR)	Herbario Nacional de Costa Rica (CR)	216490		González, José	CC_BY_4_0		González, José			2017-02-18T20:58Z		GEODETIC_DATUM_ASSUMED_WGS84	 
45504281	848182d0-f762-11e1-a439-00145eb45e9a		Plantae	Tracheophyta	Liliopsida	Zingiberales	Marantaceae	Maranta	Maranta arundinacea		SPECIES	Maranta arundinacea L.	CR	Punta Loros. Bosques  enanos costeros.	036cdc50-e7f5-11d9-9a0e-b8a03c50a862	9.86	-84.7			2.0	0.0			1996-08-28T02:00Z	28	8	1996	2761352	2761352	PRESERVED_SPECIMEN	Museo Nacional de Costa Rica (MNCR)	Herbario Nacional de Costa Rica (CR)	223663		Morales, Juan Francisco	CC_BY_4_0		Morales, Juan Francisco			2017-02-18T21:02Z		GEODETIC_DATUM_ASSUMED_WGS84	 
45504305	848182d0-f762-11e1-a439-00145eb45e9a		Plantae	Tracheophyta	Liliopsida	Zingiberales	Marantaceae	Maranta	Maranta arundinacea		SPECIES	Maranta arundinacea L.	CR	Cuenca del Tempisque. Piedra hermosa, 2 km antes de San Miguel, a orilla de la carretera Interamericana.	036cdc50-e7f5-11d9-9a0e-b8a03c50a862	10.33	-84.07			100.0	0.0			1997-06-30T02:00Z	30	6	1997	2761352	2761352	PRESERVED_SPECIMEN	Museo Nacional de Costa Rica (MNCR)	Herbario Nacional de Costa Rica (CR)	224780		Rodríguez, Alexánder	CC_BY_4_0		Rodríguez, Alexánder			2017-02-18T21:02Z		GEODETIC_DATUM_ASSUMED_WGS84	 
45504443	848182d0-f762-11e1-a439-00145eb45e9a		Plantae	Tracheophyta	Magnoliopsida	Malpighiales	Euphorbiaceae	Manihot	Manihot brachyloba		SPECIES	Manihot brachyloba Müll.Arg.	CR	P.N. Carara Sector Sur Carara; en alrededores de la Estación y Río Carara.	036cdc50-e7f5-11d9-9a0e-b8a03c50a862	9.77	-84.56			500.0	0.0			1999-05-05T02:00Z	5	5	1999	3061115	3061115	PRESERVED_SPECIMEN	Museo Nacional de Costa Rica (MNCR)	Herbario Nacional de Costa Rica (CR)	231300		Rodríguez, Alexánder	CC_BY_4_0		Rodríguez, Alexánder			2017-02-18T20:57Z		GEODETIC_DATUM_ASSUMED_WGS84	 
45504454	848182d0-f762-11e1-a439-00145eb45e9a		Plantae	Tracheophyta	Magnoliopsida	Malpighiales	Euphorbiaceae	Manihot	Manihot brachyloba		SPECIES	Manihot brachyloba Müll.Arg.	CR	P.N. Barbilla Cuenca del Matina. Entrada principal.	036cdc50-e7f5-11d9-9a0e-b8a03c50a862	9.99	-83.37			350.0	0.0			2000-08-21T02:00Z	21	8	2000	3061115	3061115	PRESERVED_SPECIMEN	Museo Nacional de Costa Rica (MNCR)	Herbario Nacional de Costa Rica (CR)	232261		E. Mora	CC_BY_4_0		Mora, Edgar			2017-02-18T20:57Z		GEODETIC_DATUM_ASSUMED_WGS84	 
45504455	848182d0-f762-11e1-a439-00145eb45e9a		Plantae	Tracheophyta	Magnoliopsida	Malpighiales	Euphorbiaceae	Manihot	Manihot brachyloba		SPECIES	Manihot brachyloba Müll.Arg.	CR	P. N. Piedras Blancas P.N.Piedras Blancas, way from La Gamba to Golfito.	036cdc50-e7f5-11d9-9a0e-b8a03c50a862	8.68	-83.21			70.0	0.0			2000-09-15T02:00Z	15	9	2000	3061115	3061115	PRESERVED_SPECIMEN	Museo Nacional de Costa Rica (MNCR)	Herbario Nacional de Costa Rica (CR)	232583		Huber, Werner & Weissenhofer, Anton	CC_BY_4_0		Huber, Werner			2017-02-18T20:57Z		GEODETIC_DATUM_ASSUMED_WGS84	 
45504472	848182d0-f762-11e1-a439-00145eb45e9a		Plantae	Tracheophyta	Magnoliopsida	Malpighiales	Euphorbiaceae	Manihot	Manihot brachyloba		SPECIES	Manihot brachyloba Müll.Arg.	CR	Río Tiquires, cerca puente, caminoa a Zoncuaco.	036cdc50-e7f5-11d9-9a0e-b8a03c50a862	9.71	-84.23			550.0	0.0			1998-09-18T02:00Z	18	9	1998	3061115	3061115	PRESERVED_SPECIMEN	Museo Nacional de Costa Rica (MNCR)	Herbario Nacional de Costa Rica (CR)	234654		Morales, Juan Francisco	CC_BY_4_0		Morales, Juan Francisco			2017-02-18T20:57Z		GEODETIC_DATUM_ASSUMED_WGS84	 
45504496	848182d0-f762-11e1-a439-00145eb45e9a		Plantae	Tracheophyta	Liliopsida	Zingiberales	Marantaceae	Maranta	Maranta arundinacea		SPECIES	Maranta arundinacea L.	CR	Cuatro Esquinas. Los Mangos.	036cdc50-e7f5-11d9-9a0e-b8a03c50a862	9.92	-84.54			200.0	0.0			1998-06-16T02:00Z	16	6	1998	2761352	2761352	PRESERVED_SPECIMEN	Museo Nacional de Costa Rica (MNCR)	Herbario Nacional de Costa Rica (CR)	236671		Gómez Laurito, Jorge	CC_BY_4_0		Gómez Laurito, Jorge			2017-02-18T21:02Z		GEODETIC_DATUM_ASSUMED_WGS84	 
45504533	848182d0-f762-11e1-a439-00145eb45e9a		Plantae	Tracheophyta	Magnoliopsida	Ericales	Sapotaceae	Manilkara	Manilkara chicle		SPECIES	Manilkara chicle (Pittier) Gilly	MX	Área no protegida Mun. Calakmul. A 7.5 km al S de la Nueva Vida.	036cdc50-e7f5-11d9-9a0e-b8a03c50a862	18.73	-89.39			265.0	0.0			2002-05-12T02:00Z	12	5	2002	2885232	2885232	PRESERVED_SPECIMEN	Museo Nacional de Costa Rica (MNCR)	Herbario Nacional de Costa Rica (CR)	241834		Martínez, Esteban	CC_BY_4_0		Calónico, Jorge			2017-02-18T20:58Z		GEODETIC_DATUM_ASSUMED_WGS84	 
45504534	848182d0-f762-11e1-a439-00145eb45e9a		Plantae	Tracheophyta	Magnoliopsida	Malpighiales	Euphorbiaceae	Manihot	Manihot brachyloba		SPECIES	Manihot brachyloba Müll.Arg.	CR	R. B. Carara Cuenca del Tárcoles. Estación Quebrada Bonita.	036cdc50-e7f5-11d9-9a0e-b8a03c50a862	9.78	-84.6			100.0	0.0			1996-07-24T02:00Z	24	7	1996	3061115	3061115	PRESERVED_SPECIMEN	Museo Nacional de Costa Rica (MNCR)	Herbario Nacional de Costa Rica (CR)	242193		González, José	CC_BY_4_0		Jiménez, Quírico			2017-02-18T20:57Z		GEODETIC_DATUM_ASSUMED_WGS84	 
45504541	848182d0-f762-11e1-a439-00145eb45e9a		Plantae	Tracheophyta	Magnoliopsida	Malpighiales	Euphorbiaceae	Manihot	Manihot brachyloba		SPECIES	Manihot brachyloba Müll.Arg.	CR	R.V.S. Golfito Calle a Golfito; puente quebrada Gamba.	036cdc50-e7f5-11d9-9a0e-b8a03c50a862	8.67	-83.2			100.0	0.0			2000-06-11T02:00Z	11	6	2000	3061115	3061115	PRESERVED_SPECIMEN	Museo Nacional de Costa Rica (MNCR)	Herbario Nacional de Costa Rica (CR)	242713		Rodríguez, Alexánder	CC_BY_4_0		Acosta, Luis			2017-02-18T20:57Z		GEODETIC_DATUM_ASSUMED_WGS84	 
45523728	848182d0-f762-11e1-a439-00145eb45e9a		Plantae	Tracheophyta	Magnoliopsida	Malvales	Malvaceae	Matisia	Matisia cordata		SPECIES	Matisia cordata Humb. & Bonpl.	CR	Z.P. La Selva ca. 3 km S of Puerto Viejo de Sarapiquí. Tropical Wet forest ( Holdrige Classification), mean daily tem. ca. 24ºC, mean annual rainfall ca. 3800 mm. Cultivated tree in quinta of Sr. Joseph Tosi, across river from Finca La Selva.	036cdc50-e7f5-11d9-9a0e-b8a03c50a862	10.43	-84.01			92.5	57.5			1982-11-14T01:00Z	14	11	1982	4073924	4073924	PRESERVED_SPECIMEN	Museo Nacional de Costa Rica (MNCR)	Herbario Nacional de Costa Rica (CR)	128232		Alverson, William S.	CC_BY_4_0		Alverson, William S.			2017-02-18T21:08Z		GEODETIC_DATUM_ASSUMED_WGS84	 
45523961	848182d0-f762-11e1-a439-00145eb45e9a		Plantae	Tracheophyta	Magnoliopsida	Malvales	Malvaceae	Matisia	Matisia cordata		SPECIES	Matisia cordata Humb. & Bonpl.	CR	R.F. Cordillera Volcánica Central Ca.  4.5 km N of N entrance to Braulio Carrillo along San José - Guápiles highway; trees and woods along Quebrada Molinete.	036cdc50-e7f5-11d9-9a0e-b8a03c50a862	10.18	-83.81			400.0	0.0			1988-06-17T02:00Z	17	6	1988	4073924	4073924	PRESERVED_SPECIMEN	Museo Nacional de Costa Rica (MNCR)	Herbario Nacional de Costa Rica (CR)	144711		Alverson, William S.	CC_BY_4_0		Hammel, Barry E.			2017-02-18T21:08Z		GEODETIC_DATUM_ASSUMED_WGS84	 
45535103	848182d0-f762-11e1-a439-00145eb45e9a		Plantae	Tracheophyta	Magnoliopsida	Solanales	Convolvulaceae	Merremia	Merremia discoidesperma		SPECIES	Merremia discoidesperma (J. D. Sm.) O'Donell	CR	Steep forested slope above Golfito along the trail to the Television Towers.	036cdc50-e7f5-11d9-9a0e-b8a03c50a862	8.63	-83.16			200.0	100.0			1967-01-27T01:00Z	27	1	1967	5549055	5549055	PRESERVED_SPECIMEN	Museo Nacional de Costa Rica (MNCR)	Herbario Nacional de Costa Rica (CR)	44459		Austin, Daniel F.	CC_BY_4_0		Burger, William			2017-02-18T23:43Z		GEODETIC_DATUM_ASSUMED_WGS84	 
45536381	848182d0-f762-11e1-a439-00145eb45e9a		Plantae	Tracheophyta	Magnoliopsida	Solanales	Convolvulaceae	Merremia	Merremia discoidesperma		SPECIES	Merremia discoidesperma (J. D. Sm.) O'Donell	CR	Rancho Quemado, sector Noroeste.	036cdc50-e7f5-11d9-9a0e-b8a03c50a862	8.69	-83.58			250.0	0.0			1992-02-24T01:00Z	24	2	1992	5549055	5549055	PRESERVED_SPECIMEN	Museo Nacional de Costa Rica (MNCR)	Herbario Nacional de Costa Rica (CR)	162160		Hammel, Barry E.	CC_BY_4_0		Marín, Juan			2017-02-18T23:43Z		GEODETIC_DATUM_ASSUMED_WGS84	 
45536404	848182d0-f762-11e1-a439-00145eb45e9a		Plantae	Tracheophyta	Magnoliopsida	Solanales	Convolvulaceae	Merremia	Merremia discoidesperma		SPECIES	Merremia discoidesperma (J. D. Sm.) O'Donell	CR	R.B. Monteverde Río Peñas Blancas, entre Aleman´s y Eladio´s.	036cdc50-e7f5-11d9-9a0e-b8a03c50a862	10.31	-84.73			850.0	0.0			1989-07-21T02:00Z	21	7	1989	5549055	5549055	PRESERVED_SPECIMEN	Museo Nacional de Costa Rica (MNCR)	Herbario Nacional de Costa Rica (CR)	162942		Austin, Daniel F.	CC_BY_4_0		Bello, Erick			2017-02-18T23:43Z		GEODETIC_DATUM_ASSUMED_WGS84	 
45536435	848182d0-f762-11e1-a439-00145eb45e9a		Plantae	Tracheophyta	Magnoliopsida	Solanales	Convolvulaceae	Merremia	Merremia discoidesperma		SPECIES	Merremia discoidesperma (J. D. Sm.) O'Donell	CR	R.B. Monteverde Río Peñas Blancas, Parcela de Novo	036cdc50-e7f5-11d9-9a0e-b8a03c50a862	10.32	-84.73			900.0	0.0			1988-09-01T02:00Z	1	9	1988	5549055	5549055	PRESERVED_SPECIMEN	Museo Nacional de Costa Rica (MNCR)	Herbario Nacional de Costa Rica (CR)	165295		Austin, Daniel F.	CC_BY_4_0		Bello, Erick			2017-02-18T23:43Z		GEODETIC_DATUM_ASSUMED_WGS84	 
45537071	848182d0-f762-11e1-a439-00145eb45e9a		Plantae	Tracheophyta	Magnoliopsida	Solanales	Convolvulaceae	Merremia	Merremia discoidesperma		SPECIES	Merremia discoidesperma (J. D. Sm.) O'Donell	CR	R.F. Golfo Dulce Los Mogos, entre Chacarita y Rincón.	036cdc50-e7f5-11d9-9a0e-b8a03c50a862	8.77	-83.37			100.0	0.0			1996-07-02T02:00Z	2	7	1996	5549055	5549055	PRESERVED_SPECIMEN	Museo Nacional de Costa Rica (MNCR)	Herbario Nacional de Costa Rica (CR)	212233		Hammel, Barry E.	CC_BY_4_0		Hammel, Barry E.			2017-02-18T23:43Z		GEODETIC_DATUM_ASSUMED_WGS84	 
45537171	848182d0-f762-11e1-a439-00145eb45e9a		Plantae	Tracheophyta	Magnoliopsida	Solanales	Convolvulaceae	Merremia	Merremia discoidesperma		SPECIES	Merremia discoidesperma (J. D. Sm.) O'Donell	CR	P. N. Corcovado sendero Mirador. Península de Osa.	036cdc50-e7f5-11d9-9a0e-b8a03c50a862	8.55	-83.51			200.0	0.0			1995-08-30T02:00Z	30	8	1995	5549055	5549055	PRESERVED_SPECIMEN	Museo Nacional de Costa Rica (MNCR)	Herbario Nacional de Costa Rica (CR)	220748		Hammel, Barry E.	CC_BY_4_0		Angulo, Luis			2017-02-18T23:43Z		GEODETIC_DATUM_ASSUMED_WGS84	 
